TECHNOLOGY,STATE
UVERSE,SC
UVERSE,IL
UVERSE,OH
UVERSE,IL
DSL,OH
UVERSE,CA
UVERSE,IL
UVERSE,CA
UVERSE,MI
DSL,TX
UVERSE,SC
UVERSE,IL
UVERSE,GA
DSL,CA
UVERSE,IN
UVERSE,MI
DSL,CA
UVERSE,AL
UVERSE,TX
UVERSE,NC
UVERSE,CA
DSL,FL
REMOVE,CA
UVERSE,AR
UVERSE,NC
UVERSE,CA
UVERSE,CA
UVERSE,IL
DSL,TN
UVERSE,IL
UVERSE,TX
DSL,CA
UVERSE,TX
DSL,IL
UVERSE,TX
DSL,WI
DSL,SC
UVERSE,MO
UVERSE,TN
UVERSE,CA
UVERSE,TX
UVERSE,FL
UVERSE,WI
UVERSE,PA
UVERSE,CA
UVERSE,CA
UVERSE,TN
UVERSE,AR
UVERSE,IL
REMOVE,SC
REMOVE,DC
UVERSE,TX
UVERSE,MO
UVERSE,FL
UVERSE,CA
UVERSE,TX
UVERSE,WI
UVERSE,CA
UVERSE,OH
UVERSE,KY
UVERSE,WI
UVERSE,MI
UVERSE,MO
UVERSE,CA
UVERSE,OH
UVERSE,TX
REMOVE,CA
UVERSE,TX
DSL,TX
DSL,CA
UVERSE,TX
UVERSE,OH
UVERSE,TN
UVERSE,IL
UVERSE,GA
UVERSE,TX
UVERSE,MI
REMOVE,FL
UVERSE,IL
UVERSE,TX
REMOVE,WI
UVERSE,TX
UVERSE,GA
UVERSE,TX
UVERSE,TX
UVERSE,OH
UVERSE,IL
UVERSE,MO
DSL,AR
UVERSE,CT
UVERSE,CT
UVERSE,WI
UVERSE,OH
UVERSE,CA
UVERSE,IL
UVERSE,CA
UVERSE,IL
REMOVE,OH
UVERSE,WI
UVERSE,MI
UVERSE,MI
REMOVE,FL
UVERSE,CA
DSL,IN
UVERSE,IL
UVERSE,GA
UVERSE,TX
DSL,KS
UVERSE,MI
DSL,IL
UVERSE,WI
UVERSE,CA
UVERSE,IN
UVERSE,TX
UVERSE,TX
REMOVE,CT
UVERSE,CT
REMOVE,TX
UVERSE,GA
UVERSE,OK
UVERSE,CA
UVERSE,IN
UVERSE,SC
UVERSE,IL
UVERSE,TX
UVERSE,TX
UVERSE,MI
UVERSE,MI
UVERSE,IN
UVERSE,IN
REMOVE,TX
DSL,CA
DSL,MI
UVERSE,LA
UVERSE,OH
UVERSE,WI
UVERSE,GA
UVERSE,WI
UVERSE,GA
UVERSE,OH
UVERSE,TX
UVERSE,FL
UVERSE,CA
UVERSE,IN
UVERSE,CA
UVERSE,MO
UVERSE,MI
UVERSE,TX
UVERSE,MI
UVERSE,TN
DSL,AR
REMOVE,GA
UVERSE,TX
UVERSE,FL
UVERSE,AR
UVERSE,TX
UVERSE,MO
UVERSE,TX
UVERSE,WI
UVERSE,CA
UVERSE,MO
UVERSE,TX
UVERSE,FL
UVERSE,MS
UVERSE,GA
UVERSE,OH
REMOVE,IL
UVERSE,OH
UVERSE,NV
UVERSE,CA
UVERSE,OK
UVERSE,IN
UVERSE,CA
UVERSE,IN
UVERSE,KY
UVERSE,CA
UVERSE,CA
DSL,MS
UVERSE,SC
UVERSE,OH
DSL,OH
DSL,GA
UVERSE,IL
DSL,OK
UVERSE,IL
UVERSE,NC
UVERSE,TX
UVERSE,TX
UVERSE,CA
UVERSE,CA
REMOVE,KY
UVERSE,MI
UVERSE,GA
REMOVE,FL
UVERSE,IL
UVERSE,CA
UVERSE,CA
DSL,TX
UVERSE,TX
UVERSE,FL
REMOVE,TX
UVERSE,TX
UVERSE,CA
UVERSE,CA
UVERSE,KY
UVERSE,MO
UVERSE,KS
UVERSE,NC
UVERSE,GA
UVERSE,GA
REMOVE,GA
UVERSE,FL
UVERSE,SC
UVERSE,TN
REMOVE,CT
UVERSE,CT
UVERSE,FL
UVERSE,NC
UVERSE,CA
UVERSE,CA
DSL,NV
UVERSE,OH
UVERSE,OH
UVERSE,WI
UVERSE,IL
UVERSE,TX
UVERSE,MI
DSL,MO
UVERSE,TX
REMOVE,TX
UVERSE,OH
UVERSE,IL
UVERSE,IL
UVERSE,OH
REMOVE,IN
UVERSE,MO
UVERSE,KY
UVERSE,MD
UVERSE,FL
UVERSE,WI
UVERSE,TX
DSL,TX
UVERSE,CA
REMOVE,FL
UVERSE,AR
UVERSE,UNKNOWN
UVERSE,TX
UVERSE,KY
UVERSE,CA
REMOVE,GA
UVERSE,NC
UVERSE,MO
UVERSE,TX
UVERSE,MI
UVERSE,FL
UVERSE,MI
UVERSE,TX
UVERSE,IL
UVERSE,CA
UVERSE,IL
UVERSE,CA
UVERSE,MI
UVERSE,GA
REMOVE,KY
UVERSE,CA
UVERSE,SC
REMOVE,FL
UVERSE,OH
UVERSE,TX
UVERSE,TX
UVERSE,TX
UVERSE,KY
UVERSE,OH
UVERSE,CA
UVERSE,CA
UVERSE,TN
REMOVE,NC
UVERSE,KS
UVERSE,OH
UVERSE,CA
UVERSE,MI
UVERSE,CA
UVERSE,IN
DSL,MI
UVERSE,AR
UVERSE,MO
UVERSE,IL
UVERSE,MI
UVERSE,FL
UVERSE,IN
DSL,IN
UVERSE,MI
UVERSE,TN
UVERSE,TX
UVERSE,TX
UVERSE,KS
UVERSE,OH
UVERSE,KS
DSL,TX
UVERSE,NY
UVERSE,NC
UVERSE,GA
DSL,GA
UVERSE,FL
UVERSE,FL
UVERSE,OH
UVERSE,IL
UVERSE,MO
UVERSE,MO
UVERSE,OK
UVERSE,CA
UVERSE,NC
UVERSE,AL
UVERSE,TX
UVERSE,CA
UVERSE,GA
UVERSE,FL
UVERSE,TX
UVERSE,CA
REMOVE,TX
UVERSE,TN
UVERSE,MI
UVERSE,NV
UVERSE,KS
UVERSE,OH
UVERSE,SC
UVERSE,GA
UVERSE,AL
UVERSE,CA
UVERSE,MI
UVERSE,MI
UVERSE,TX
UVERSE,TN
UVERSE,MI
UVERSE,NC
UVERSE,MO
UVERSE,MO
UVERSE,TX
REMOVE,AL
UVERSE,IN
UVERSE,CA
UVERSE,MI
UVERSE,CA
UVERSE,KS
UVERSE,AL
UVERSE,MO
UVERSE,TX
UVERSE,OK
DSL,LA
UVERSE,CA
UVERSE,UNKNOWN
UVERSE,MS
UVERSE,TX
UVERSE,Tx
UVERSE,TX
UVERSE,TX
UVERSE,IL
UVERSE,OH
UVERSE,MI
DSL,AL
UVERSE,GA
UVERSE,CA
REMOVE,NV
UVERSE,OH
DSL,TX
REMOVE,UNKNOWN
UVERSE,IL
UVERSE,UNKNOWN
UVERSE,TX
UVERSE,TX
UVERSE,CA
UVERSE,GA
UVERSE,KY
UVERSE,IL
UVERSE,GA
UVERSE,FL
UVERSE,OH
UVERSE,AR
DSL,OK
UVERSE,TX
UVERSE,TX
UVERSE,CA
DSL,CA
UVERSE,CA
UVERSE,CA
UVERSE,CA
UVERSE,CA
UVERSE,MI
UVERSE,OK
UVERSE,WI
UVERSE,CA
UVERSE,WI
UVERSE,AL
UVERSE,TX
UVERSE,CA
REMOVE,MI
UVERSE,FL
UVERSE,MS
UVERSE,LA
UVERSE,GA
DSL,CA
DSL,IL
REMOVE,MO
REMOVE,WI
DSL,SC
UVERSE,NC
DSL,GA
UVERSE,WI
UVERSE,CA
UVERSE,GA
UVERSE,OK
UVERSE,TX
UVERSE,KY
UVERSE,FL
UVERSE,TN
DSL,TX
UVERSE,GA
UVERSE,AR
UVERSE,TN
UVERSE,AR
UVERSE,CA
UVERSE,TN
UVERSE,IN
REMOVE,NC
UVERSE,MO
UVERSE,AL
UVERSE,IL
UVERSE,IL
UVERSE,GA
REMOVE,TX
UVERSE,IL
UVERSE,WI
UVERSE,OH
UVERSE,TX
UVERSE,TX
UVERSE,NC
UVERSE,MO
REMOVE,FL
DSL,CA
UVERSE,IL
UVERSE,CA
UVERSE,GA
DSL,CA
UVERSE,CA
UVERSE,GA
UVERSE,CA
REMOVE,GA
REMOVE,LA
UVERSE,GA
DSL,MI
DSL,IL
REMOVE,GA
REMOVE,TX
DSL,LA
UVERSE,TX
UVERSE,CA
DSL,SC
UVERSE,IL
UVERSE,TN
UVERSE,OH
UVERSE,WI
UVERSE,FL
REMOVE,TN
REMOVE,UNKNOWN
UVERSE,TX
UVERSE,KY
UVERSE,FL
UVERSE,KS
UVERSE,IL
UVERSE,AR
UVERSE,MI
UVERSE,IL
UVERSE,CA
UVERSE,MS
UVERSE,TX
UVERSE,CA
REMOVE,MI
UVERSE,TX
UVERSE,CA
UVERSE,GA
UVERSE,TX
DSL,MI
UVERSE,TX
UVERSE,GA
UVERSE,MS
UVERSE,MI
UVERSE,TX
UVERSE,TX
UVERSE,IL
DSL,CA
UVERSE,MI
UVERSE,CA
UVERSE,GA
UVERSE,FL
UVERSE,TX
UVERSE,MI
UVERSE,WI
UVERSE,TX
REMOVE,IL
DSL,MI
UVERSE,KY
UVERSE,TN
REMOVE,MS
REMOVE,MI
UVERSE,NC
UVERSE,KY
UVERSE,GA
REMOVE,TN
UVERSE,TN
UVERSE,KS
UVERSE,MI
DSL,MS
UVERSE,OH
UVERSE,CA
UVERSE,FL
UVERSE,MI
DSL,TN
UVERSE,KS
REMOVE,TN
UVERSE,CA
UVERSE,MO
UVERSE,CA
UVERSE,KS
UVERSE,GA
UVERSE,TX
UVERSE,WI
UVERSE,CA
UVERSE,FL
UVERSE,CA
UVERSE,GA
UVERSE,GA
UVERSE,OK
UVERSE,WI
UVERSE,NC
REMOVE,SC
REMOVE,LA
UVERSE,MI
UVERSE,OH
UVERSE,TX
UVERSE,WI
UVERSE,TX
REMOVE,MO
UVERSE,TX
UVERSE,WI
UVERSE,TN
UVERSE,CA
UVERSE,GA
UVERSE,TX
UVERSE,UNKNOWN
UVERSE,WI
UVERSE,NC
UVERSE,CA
UVERSE,IL
UVERSE,TX
UVERSE,IN
DSL,OK
DSL,GA
UVERSE,MO
UVERSE,IL
UVERSE,TX
UVERSE,AL
REMOVE,AL
REMOVE,AL
UVERSE,AR
DSL,AR
UVERSE,AR
UVERSE,AR
UVERSE,AR
UVERSE,CA
UVERSE,CA
UVERSE,CA
UVERSE,CA
UVERSE,CA
UVERSE,CA
UVERSE,CA
UVERSE,CA
UVERSE,CA
DSL,CA
UVERSE,CA
UVERSE,CA
UVERSE,CA
UVERSE,CA
UVERSE,CA
REMOVE,CA
REMOVE,CA
UVERSE,CA
DSL,CA
DSL,CA
REMOVE,FL
DSL,AL
REMOVE,CA
REMOVE,CA
REMOVE,CA
UVERSE,CA
UVERSE,IN
REMOVE,LA
UVERSE,MI
REMOVE,TN
REMOVE,TX
UVERSE,TX
UVERSE,TX
UVERSE,FL
DSL,FL
REMOVE,FL
UVERSE,FL
UVERSE,GA
DSL,GA
UVERSE,GA
REMOVE,GA
UVERSE,GA
UVERSE,GA
UVERSE,GA
DSL,GA
UVERSE,IL
UVERSE,IL
UVERSE,IL
UVERSE,IL
UVERSE,IL
REMOVE,IL
UVERSE,IL
UVERSE,IL
UVERSE,IN
UVERSE,IN
UVERSE,IN
UVERSE,IN
UVERSE,KY
DSL,KY
UVERSE,LA
REMOVE,LA
REMOVE,LA
UVERSE,MI
UVERSE,MI
UVERSE,MI
UVERSE,MI
UVERSE,MI
UVERSE,MI
UVERSE,MI
UVERSE,MI
UVERSE,MI
UVERSE,MI
UVERSE,MI
UVERSE,MI
UVERSE,MO
UVERSE,MO
UVERSE,MO
DSL,MS
UVERSE,MS
DSL,NC
UVERSE,NC
UVERSE,NC
UVERSE,NC
UVERSE,NC
UVERSE,NC
UVERSE,NV
UVERSE,NV
DSL,OH
UVERSE,OH
UVERSE,OH
UVERSE,OH
REMOVE,OH
DSL,OK
UVERSE,OK
UVERSE,OK
REMOVE,OK
REMOVE,OK
UVERSE,SC
UVERSE,SC
REMOVE,SC
UVERSE,SC
UVERSE,TN
UVERSE,TN
UVERSE,TX
UVERSE,TX
DSL,TX
UVERSE,TX
UVERSE,TX
DSL,TX
UVERSE,TX
DSL,TX
UVERSE,TX
UVERSE,TX
UVERSE,TX
UVERSE,TX
DSL,TX
UVERSE,TX
UVERSE,TX
UVERSE,TX
UVERSE,TX
UVERSE,TX
REMOVE,TX
UVERSE,TX
UVERSE,WI
UVERSE,WI
UVERSE,WI
UVERSE,WI
REMOVE,WI
UVERSE,WI
REMOVE,GA
DSL,GA
UVERSE,CA
UVERSE,MI
UVERSE,LA
DSL,FL
DSL,OK
REMOVE,UNKNOWN
REMOVE,LA
UVERSE,CA
UVERSE,FL
UVERSE,IN
UVERSE,TN
UVERSE,IL
UVERSE,MO
DSL,CA
UVERSE,IL
UVERSE,CA
UVERSE,GA
UVERSE,CA
UVERSE,TX
UVERSE,SC
REMOVE,FL
UVERSE,TX
UVERSE,CA
UVERSE,GA
UVERSE,WI
UVERSE,KY
UVERSE,OH
UVERSE,CA
UVERSE,SC
UVERSE,OK
UVERSE,TX
UVERSE,OH
UVERSE,CA
UVERSE,LA
DSL,AR
UVERSE,MI
UVERSE,CA
UVERSE,GA
UVERSE,AL
UVERSE,MO
UVERSE,TX
UVERSE,CA
REMOVE,GA
UVERSE,GA
DSL,GA
UVERSE,FL
UVERSE,MS
UVERSE,OH
UVERSE,UNKNOWN
UVERSE,MI
UVERSE,MI
UVERSE,IL
DSL,IL
UVERSE,IL
UVERSE,MO
UVERSE,MO
UVERSE,KS
DSL,KS
REMOVE,LA
DSL,LA
UVERSE,AR
UVERSE,OK
UVERSE,OK
UVERSE,OK
UVERSE,TX
UVERSE,TX
UVERSE,TX
UVERSE,TX
UVERSE,CA
DSL,CA
UVERSE,CA
UVERSE,CA
UVERSE,SC
DSL,KY
UVERSE,TX
MISC,FL
MISC,FL
MISC,MS
MISC,IN
MISC,AZ
MISC,AL
MISC,FL
MISC,IN
MISC,FL
MISC,FL
MISC,FL
MISC,FL
MISC,SC
MISC,IN
MISC,FL
MISC,FL
MISC,MI
MISC,FL
MISC,FL
MISC,FL
MISC,CA
MISC,FL
MISC,FL
MISC,IN
MISC,FL
MISC,FL
MISC,FL
MISC,FL
MISC,FL
MISC,IN
MISC,AZ
MISC,MD
MISC,NM
MISC,AZ
MISC,ID
MISC,TX
MISC,ID
MISC,CA
MISC,ID
MISC,NM
MISC,ID
MISC,NJ
MISC,MS
CABLE,NY
CABLE,NJ
CABLE,NY
CABLE,NY
CABLE,NJ
CABLE,NJ
CABLE,NJ
CABLE,NJ
CABLE,NY
CABLE,NJ
CABLE,NY
CABLE,NY
CABLE,NY
CABLE,CT
CABLE,NJ
CABLE,VA
CABLE,NY
CABLE,UNKNOWN
REMOVE,NJ
CABLE,NJ
CABLE,CT
CABLE,NJ
CABLE,NY
REMOVE,NY
CABLE,NY
CABLE,NY
CABLE,NY
CABLE,NY
CABLE,NY
CABLE,NJ
CABLE,NY
CABLE,CT
CABLE,CT
CABLE,NY
CABLE,NJ
CABLE,CT
CABLE,PA
CABLE,NJ
CABLE,NY
CABLE,CA
CABLE,NY
CABLE,NY
CABLE,NY
CABLE,NY
CABLE,NJ
CABLE,NY
CABLE,NJ
CABLE,UT
CABLE,NY
CABLE,NY
CABLE,NY
CABLE,NJ
CABLE,NY
CABLE,NY
CABLE,NY
CABLE,NY
CABLE,NJ
CABLE,NY
CABLE,NY
CABLE,NY
CABLE,CT
CABLE,NJ
CABLE,NJ
REMOVE,NJ
CABLE,NJ
CABLE,NJ
CABLE,NJ
CABLE,NJ
CABLE,NY
CABLE,NY
CABLE,NY
CABLE,NY
CABLE,NY
CABLE,NY
CABLE,NY
CABLE,NJ
CABLE,NJ
CABLE,NY
CABLE,NY
CABLE,NY
CABLE,NY
CABLE,NY
CABLE,NY
CABLE,CT
CABLE,NJ
CABLE,NJ
CABLE,NY
CABLE,NY
CABLE,NY
CABLE,NJ
CABLE,NJ
CABLE,NJ
REMOVE,NY
CABLE,NY
CABLE,NY
CABLE,NY
CABLE,NY
CABLE,NJ
CABLE,NJ
CABLE,NY
CABLE,NJ
CABLE,NY
CABLE,NY
CABLE,CT
CABLE,CT
CABLE,NY
CABLE,NY
CABLE,NJ
CABLE,CT
CABLE,CT
CABLE,NJ
CABLE,NY
CABLE,NJ
CABLE,NJ
CABLE,NJ
CABLE,NJ
CABLE,NY
CABLE,NY
CABLE,NY
CABLE,NJ
REMOVE,NJ
REMOVE,CT
CABLE,NY
CABLE,NY
CABLE,NJ
CABLE,NJ
CABLE,NY
CABLE,NJ
CABLE,NJ
CABLE,NY
CABLE,NY
CABLE,NJ
CABLE,NY
CABLE,NY
CABLE,CT
CABLE,NY
CABLE,NY
CABLE,NJ
REMOVE,NJ
CABLE,NJ
CABLE,CT
CABLE,NJ
CABLE,NJ
CABLE,NY
CABLE,NY
REMOVE,NJ
CABLE,NY
CABLE,NJ
CABLE,NJ
CABLE,NJ
CABLE,CT
CABLE,NJ
CABLE,NY
CABLE,NJ
CABLE,NJ
CABLE,CT
CABLE,CT
CABLE,CT
CABLE,CT
CABLE,CT
CABLE,CT
CABLE,CT
CABLE,CT
CABLE,CT
CABLE,NJ
CABLE,NJ
CABLE,NJ
CABLE,NJ
CABLE,NJ
CABLE,NJ
CABLE,NJ
CABLE,NJ
CABLE,NJ
CABLE,NJ
CABLE,NJ
CABLE,NJ
CABLE,NJ
CABLE,NJ
CABLE,NJ
CABLE,NJ
CABLE,NJ
CABLE,NJ
CABLE,NJ
CABLE,NJ
CABLE,NJ
REMOVE,NJ
CABLE,NJ
CABLE,NJ
CABLE,NJ
CABLE,NJ
CABLE,NJ
CABLE,NJ
CABLE,NJ
CABLE,NJ
CABLE,NJ
CABLE,NJ
CABLE,NJ
CABLE,NJ
CABLE,NJ
CABLE,NJ
CABLE,NJ
CABLE,NJ
CABLE,NJ
REMOVE,NJ
CABLE,NJ
CABLE,NY
CABLE,NY
CABLE,NY
CABLE,NY
CABLE,NY
CABLE,NY
CABLE,NY
CABLE,NY
CABLE,NY
CABLE,NY
CABLE,NY
CABLE,NY
CABLE,NY
CABLE,NY
CABLE,NY
REMOVE,NY
CABLE,NY
CABLE,NY
CABLE,NY
CABLE,NY
CABLE,NY
CABLE,NY
CABLE,NY
CABLE,NY
CABLE,NY
CABLE,PA
CABLE,NY
CABLE,NY
CABLE,NY
CABLE,NJ
CABLE,CT
CABLE,NY
CABLE,NJ
CABLE,NJ
CABLE,NY
CABLE,CT
CABLE,CT
CABLE,CT
CABLE,NY
CABLE,NY
CABLE,NY
CABLE,NY
CABLE,NY
CABLE,NY
CABLE,CT
REMOVE,NJ
CABLE,NJ
CABLE,NJ
CABLE,NJ
CABLE,NJ
CABLE,NJ
CABLE,NJ
CABLE,NY
CABLE,NJ
CABLE,NY
CABLE,NJ
CABLE,NJ
CABLE,NJ
CABLE,NY
CABLE,NY
CABLE,CT
CABLE,NY
CABLE,NJ
CABLE,NJ
CABLE,NY
CABLE,NY
CABLE,NY
CABLE,UNKNOWN
CABLE,NJ
CABLE,CT
CABLE,NJ
CABLE,NY
CABLE,NY
CABLE,NY
CABLE,NJ
CABLE,CT
CABLE,NJ
CABLE,NJ
CABLE,NY
CABLE,NJ
CABLE,NJ
CABLE,NY
CABLE,NY
CABLE,NJ
CABLE,NY
CABLE,CT
REMOVE,NY
REMOVE,NY
CABLE,NY
CABLE,NY
CABLE,NY
CABLE,NY
REMOVE,CT
CABLE,NJ
CABLE,NY
REMOVE,NJ
CABLE,NJ
DSL,MO
DSL,AR
DSL,FL
DSL,IA
DSL,AL
DSL,OH
DSL,FL
DSL,AR
DSL,OH
DSL,MO
REMOVE,MO
DSL,FL
DSL,OH
DSL,IN
DSL,MO
DSL,WI
DSL,WI
DSL,AL
DSL,IN
DSL,PA
DSL,VA
DSL,TX
DSL,FL
DSL,FL
DSL,AZ
DSL,MN
DSL,NC
DSL,NC
DSL,FL
DSL,UNKNOWN
DSL,NV
DSL,MO
DSL,WI
DSL,FL
DSL,NJ
DSL,OR
DSL,MI
DSL,MO
DSL,MO
DSL,WI
DSL,WI
DSL,NV
DSL,FL
DSL,SC
DSL,FL
DSL,MO
DSL,WA
DSL,NV
DSL,WA
DSL,FL
DSL,FL
DSL,FL
DSL,FL
DSL,FL
DSL,WI
DSL,TX
DSL,NC
DSL,NC
DSL,MN
DSL,AL
DSL,OH
DSL,OH
DSL,WA
DSL,MO
DSL,MI
DSL,NC
DSL,NC
DSL,WI
DSL,NV
DSL,NC
DSL,NV
DSL,WI
DSL,NC
DSL,IL
DSL,AL
DSL,CO
DSL,NC
DSL,WA
DSL,TN
DSL,NC
DSL,NJ
DSL,FL
DSL,VA
DSL,OR
DSL,TX
DSL,FL
DSL,NC
DSL,NC
DSL,WA
DSL,WI
DSL,WI
DSL,IN
DSL,TX
DSL,TX
DSL,PA
DSL,OH
DSL,MT
DSL,UNKNOWN
DSL,OH
DSL,NM
DSL,TX
DSL,IN
DSL,MO
DSL,OH
DSL,LA
DSL,FL
DSL,MN
DSL,NV
DSL,PA
DSL,MO
DSL,PA
DSL,ID
DSL,NC
DSL,AL
DSL,VA
DSL,WA
DSL,WI
DSL,UNKNOWN
DSL,MI
DSL,WI
DSL,MO
DSL,AZ
DSL,WI
DSL,AR
DSL,ND
DSL,NC
DSL,NC
DSL,FL
DSL,MO
DSL,MO
DSL,LA
DSL,CO
DSL,AZ
DSL,NV
DSL,OR
DSL,IA
DSL,IA
DSL,CO
DSL,AZ
DSL,AZ
DSL,NC
DSL,CO
DSL,CO
DSL,PA
DSL,CO
DSL,NC
DSL,WA
DSL,SD
DSL,NJ
DSL,UNKNOWN
DSL,OR
DSL,NC
DSL,FL
DSL,CO
DSL,IA
DSL,FL
DSL,AL
DSL,WI
DSL,CO
DSL,AZ
DSL,WA
DSL,AZ
DSL,NM
DSL,MT
DSL,IN
DSL,IN
DSL,MN
DSL,MN
DSL,WA
DSL,WI
DSL,MO
DSL,MO
DSL,CO
DSL,IN
DSL,WA
DSL,CO
DSL,ID
DSL,WA
DSL,AZ
DSL,CO
DSL,WY
DSL,NC
DSL,ID
DSL,OR
DSL,CO
DSL,CO
DSL,AZ
REMOVE,IA
DSL,OR
DSL,WA
DSL,OR
DSL,MN
DSL,AZ
DSL,AZ
DSL,WA
DSL,WA
DSL,SC
DSL,ID
DSL,IA
DSL,WA
DSL,NM
DSL,OH
DSL,FL
DSL,FL
DSL,MN
DSL,WA
DSL,OH
DSL,CO
DSL,UT
DSL,FL
DSL,OR
DSL,CO
DSL,AZ
DSL,AZ
DSL,AZ
DSL,FL
DSL,MN
DSL,CO
DSL,WY
DSL,AZ
DSL,AZ
DSL,IL
DSL,AZ
DSL,NE
DSL,FL
DSL,MN
CABLE,MO
CABLE,MO
CABLE,WI
CABLE,NV
CABLE,WI
CABLE,MO
CABLE,MI
CABLE,TX
CABLE,MI
CABLE,MI
REMOVE,GA
CABLE,MI
CABLE,CA
CABLE,MO
CABLE,MI
CABLE,WI
CABLE,MI
CABLE,SC
CABLE,AL
CABLE,MA
CABLE,WI
CABLE,WI
CABLE,MN
CABLE,CA
CABLE,MO
CABLE,NC
CABLE,WI
CABLE,GA
CABLE,MA
CABLE,CA
CABLE,MN
CABLE,WA
CABLE,MN
CABLE,GA
CABLE,CA
CABLE,AL
CABLE,MO
CABLE,WI
CABLE,MA
CABLE,WI
CABLE,WI
CABLE,IL
CABLE,WI
CABLE,OR
CABLE,IL
CABLE,TN
CABLE,OR
CABLE,WI
CABLE,MN
CABLE,LA
CABLE,TN
CABLE,CO
CABLE,MD
CABLE,NC
CABLE,WA
CABLE,CT
CABLE,CA
CABLE,GA
CABLE,TN
CABLE,TN
CABLE,CT
CABLE,CT
CABLE,AL
CABLE,GA
CABLE,CT
CABLE,NV
CABLE,IL
CABLE,CA
CABLE,CA
CABLE,MN
CABLE,IL
CABLE,SC
CABLE,MO
CABLE,TX
CABLE,CA
CABLE,GA
CABLE,MN
CABLE,NC
CABLE,CA
CABLE,SC
CABLE,MI
CABLE,WI
CABLE,AL
CABLE,IL
REMOVE,NY
REMOVE,WA
CABLE,NC
CABLE,MO
CABLE,CA
CABLE,AL
CABLE,GA
CABLE,MI
CABLE,OR
CABLE,CT
CABLE,TN
CABLE,WI
CABLE,NV
CABLE,GA
CABLE,MN
CABLE,CT
CABLE,OR
CABLE,VA
CABLE,SC
CABLE,MO
CABLE,LA
CABLE,AL
CABLE,GA
CABLE,TN
CABLE,NC
CABLE,NC
CABLE,UNKNOWN
CABLE,NV
CABLE,MO
REMOVE,TX
CABLE,CA
CABLE,CA
CABLE,CA
CABLE,TN
CABLE,GA
CABLE,CA
CABLE,WI
CABLE,WI
CABLE,MN
CABLE,MI
CABLE,MO
CABLE,CA
CABLE,MO
CABLE,NY
CABLE,WI
CABLE,MI
CABLE,MA
CABLE,CT
CABLE,MO
CABLE,MI
CABLE,NC
CABLE,AL
CABLE,NC
CABLE,WI
CABLE,CA
CABLE,CA
CABLE,WI
CABLE,MA
CABLE,GA
CABLE,GA
CABLE,WI
CABLE,MO
CABLE,MN
CABLE,TN
CABLE,MO
CABLE,LA
CABLE,AL
CABLE,OR
CABLE,CA
CABLE,GA
CABLE,MI
CABLE,WA
CABLE,CA
CABLE,WI
CABLE,MI
CABLE,NC
CABLE,SC
CABLE,WI
CABLE,OR
CABLE,GA
CABLE,NV
CABLE,MO
CABLE,IL
CABLE,WA
CABLE,SC
CABLE,MI
CABLE,MO
CABLE,OR
CABLE,NV
CABLE,MN
CABLE,MA
CABLE,OR
CABLE,NV
CABLE,MO
CABLE,WI
CABLE,LA
CABLE,MI
CABLE,GA
CABLE,LA
CABLE,MO
CABLE,CA
CABLE,MO
CABLE,VA
CABLE,AL
CABLE,MN
CABLE,TN
CABLE,GA
REMOVE,IL
CABLE,NE
CABLE,WA
CABLE,LA
CABLE,WA
CABLE,CA
CABLE,MO
CABLE,WI
CABLE,TN
CABLE,GA
CABLE,NC
CABLE,TN
CABLE,CA
CABLE,NC
CABLE,MN
CABLE,SC
CABLE,TX
CABLE,SC
CABLE,MN
CABLE,MI
CABLE,VA
CABLE,MN
CABLE,WI
CABLE,AL
CABLE,WI
CABLE,GA
CABLE,TN
CABLE,AL
CABLE,MI
CABLE,MI
CABLE,SC
CABLE,OR
CABLE,GA
CABLE,MN
CABLE,SC
CABLE,SC
REMOVE,MO
CABLE,NC
CABLE,MO
CABLE,MO
CABLE,SC
CABLE,TN
CABLE,AL
CABLE,MI
CABLE,WA
CABLE,CA
CABLE,GA
CABLE,NC
CABLE,MI
CABLE,MI
CABLE,GA
CABLE,AL
CABLE,MN
CABLE,AL
CABLE,MN
CABLE,WI
CABLE,MI
CABLE,MN
REMOVE,TN
CABLE,NC
CABLE,MI
CABLE,CA
CABLE,NV
CABLE,IL
CABLE,MO
CABLE,WA
CABLE,NC
CABLE,TX
CABLE,MI
CABLE,WA
CABLE,WI
CABLE,LA
CABLE,OR
CABLE,NC
CABLE,WI
CABLE,MO
CABLE,MI
CABLE,GA
CABLE,MO
CABLE,SC
CABLE,FL
REMOVE,MO
CABLE,CA
CABLE,WA
CABLE,MI
CABLE,WI
CABLE,MO
CABLE,WI
CABLE,MI
CABLE,MI
CABLE,VA
CABLE,SC
CABLE,MI
CABLE,WI
CABLE,MN
CABLE,CA
CABLE,TN
CABLE,WI
CABLE,NV
CABLE,MN
CABLE,IL
CABLE,OR
CABLE,MO
CABLE,MI
CABLE,TN
CABLE,MI
CABLE,NC
CABLE,WI
CABLE,MN
CABLE,MI
CABLE,SC
CABLE,MN
CABLE,CA
CABLE,NC
CABLE,WI
CABLE,WI
CABLE,TX
CABLE,MI
CABLE,TN
CABLE,SC
CABLE,LA
CABLE,GA
CABLE,OR
CABLE,CA
CABLE,NC
CABLE,MI
CABLE,MI
CABLE,WI
CABLE,NV
CABLE,NC
CABLE,OR
REMOVE,IL
CABLE,MI
CABLE,OR
CABLE,CA
CABLE,MN
CABLE,TX
CABLE,SC
CABLE,WI
CABLE,MI
CABLE,MN
CABLE,WA
CABLE,CA
CABLE,WI
CABLE,CA
CABLE,GA
CABLE,NV
CABLE,WA
CABLE,MN
CABLE,WA
CABLE,WI
CABLE,CA
CABLE,MN
CABLE,LA
CABLE,CA
CABLE,NC
CABLE,WI
CABLE,MI
CABLE,FL
CABLE,MN
CABLE,MO
CABLE,NC
CABLE,OR
CABLE,MI
CABLE,CA
CABLE,NE
CABLE,OR
CABLE,SC
CABLE,MO
CABLE,GA
CABLE,OR
CABLE,WI
CABLE,MI
CABLE,SC
CABLE,CA
CABLE,VA
CABLE,WA
CABLE,WA
CABLE,WA
CABLE,CA
CABLE,WI
REMOVE,UNKNOWN
CABLE,MO
CABLE,WI
CABLE,MI
CABLE,MI
CABLE,MN
CABLE,NC
CABLE,NC
CABLE,GA
CABLE,TN
CABLE,MA
CABLE,SC
CABLE,MI
CABLE,WI
REMOVE,MO
CABLE,MI
REMOVE,MO
CABLE,LA
CABLE,WA
CABLE,SC
CABLE,MI
CABLE,MN
CABLE,MT
CABLE,AL
CABLE,MI
CABLE,MN
CABLE,IL
CABLE,WI
CABLE,NV
CABLE,CA
CABLE,MO
CABLE,OR
CABLE,MN
CABLE,MN
CABLE,MI
CABLE,NC
CABLE,TX
CABLE,MO
CABLE,NC
CABLE,WI
CABLE,WI
CABLE,MO
CABLE,TX
CABLE,WI
CABLE,CT
CABLE,WI
REMOVE,MO
CABLE,CA
CABLE,CA
CABLE,MN
CABLE,CA
CABLE,GA
CABLE,WI
CABLE,CA
CABLE,SC
CABLE,NY
CABLE,WA
CABLE,WI
REMOVE,TN
CABLE,TN
CABLE,WI
CABLE,WI
CABLE,UNKNOWN
CABLE,MO
CABLE,GA
CABLE,MO
CABLE,OR
CABLE,MN
CABLE,MN
CABLE,TN
CABLE,CA
CABLE,WA
CABLE,CA
CABLE,MA
CABLE,MI
CABLE,SC
CABLE,VA
CABLE,MO
CABLE,GA
CABLE,IL
CABLE,MI
CABLE,MO
CABLE,GA
CABLE,AL
CABLE,CA
CABLE,TN
REMOVE,MO
CABLE,GA
REMOVE,OR
CABLE,MO
CABLE,NC
CABLE,MA
CABLE,NV
CABLE,TX
CABLE,SC
CABLE,GA
CABLE,NV
CABLE,MN
CABLE,GA
CABLE,MA
CABLE,NE
CABLE,NC
CABLE,AL
CABLE,GA
CABLE,UNKNOWN
CABLE,TX
REMOVE,MO
REMOVE,UNKNOWN
CABLE,MO
CABLE,WI
CABLE,WI
CABLE,MO
CABLE,MN
CABLE,WI
CABLE,VA
CABLE,MA
CABLE,MI
CABLE,MI
CABLE,MI
REMOVE,WI
CABLE,CA
CABLE,WA
CABLE,MT
CABLE,CA
CABLE,SC
CABLE,MO
CABLE,MO
CABLE,MO
CABLE,MO
CABLE,OR
CABLE,AL
CABLE,MO
CABLE,MO
CABLE,CA
CABLE,MO
CABLE,IL
CABLE,MO
CABLE,WI
CABLE,WA
CABLE,VA
MISC,KY
MISC,WA
MISC,OR
MISC,MD
MISC,TX
MISC,CA
MISC,CA
MISC,CA
MISC,UNKNOWN
REMOVE,WA
CABLE,WA
REMOVE,AZ
CABLE,IL
REMOVE,NJ
REMOVE,CA
CABLE,SC
REMOVE,UT
CABLE,NH
CABLE,PA
CABLE,VA
CABLE,TX
CABLE,PA
REMOVE,CA
CABLE,IL
CABLE,IN
CABLE,CT
CABLE,WA
CABLE,PA
CABLE,MI
REMOVE,WA
REMOVE,MN
CABLE,CO
CABLE,CO
CABLE,PA
CABLE,MA
REMOVE,MI
CABLE,TX
CABLE,CT
REMOVE,GA
CABLE,CO
REMOVE,NM
CABLE,IN
CABLE,TN
REMOVE,DE
CABLE,CO
CABLE,DC
REMOVE,IL
CABLE,MN
REMOVE,MN
REMOVE,NJ
CABLE,UT
CABLE,FL
CABLE,IL
CABLE,IN
CABLE,TN
REMOVE,MN
CABLE,IL
REMOVE,FL
CABLE,KY
CABLE,MA
CABLE,FL
REMOVE,MA
REMOVE,MI
CABLE,NH
REMOVE,MI
REMOVE,AZ
REMOVE,NJ
CABLE,GA
CABLE,NY
REMOVE,AZ
CABLE,CO
REMOVE,OR
CABLE,CO
CABLE,IL
CABLE,IL
CABLE,IL
CABLE,MI
CABLE,CA
REMOVE,WA
CABLE,CT
CABLE,WA
CABLE,CO
CABLE,ME
REMOVE,CA
REMOVE,NH
CABLE,MD
CABLE,OR
REMOVE,DE
REMOVE,VA
REMOVE,WA
CABLE,TN
CABLE,IL
CABLE,WA
CABLE,WI
CABLE,MD
REMOVE,VA
CABLE,CA
REMOVE,WA
CABLE,CA
REMOVE,WA
REMOVE,PA
REMOVE,NM
CABLE,NM
REMOVE,CO
REMOVE,WA
CABLE,CA
CABLE,PA
REMOVE,CO
CABLE,FL
REMOVE,UT
REMOVE,CA
REMOVE,CT
CABLE,CO
CABLE,CA
CABLE,MN
CABLE,CT
REMOVE,WA
REMOVE,MD
CABLE,NJ
REMOVE,CO
REMOVE,CO
CABLE,IN
CABLE,IN
REMOVE,MD
REMOVE,UT
REMOVE,CO
CABLE,CA
REMOVE,OR
REMOVE,TX
CABLE,CT
CABLE,IL
REMOVE,WA
CABLE,IL
CABLE,PA
REMOVE,TX
CABLE,VA
REMOVE,CT
CABLE,NJ
REMOVE,WV
CABLE,WA
REMOVE,OR
REMOVE,AL
CABLE,PA
REMOVE,CO
CABLE,IL
REMOVE,GA
CABLE,VA
CABLE,NM
REMOVE,PA
CABLE,CA
REMOVE,MA
CABLE,TN
CABLE,MI
CABLE,OR
CABLE,MI
REMOVE,CA
CABLE,IN
CABLE,NM
CABLE,MA
CABLE,FL
CABLE,GA
CABLE,MS
CABLE,PA
REMOVE,VA
REMOVE,UT
CABLE,OR
REMOVE,TN
CABLE,PA
CABLE,CT
CABLE,DC
CABLE,IL
REMOVE,GA
CABLE,PA
CABLE,OR
REMOVE,PA
REMOVE,CA
CABLE,MN
CABLE,IN
REMOVE,PA
CABLE,CA
CABLE,IL
REMOVE,VA
REMOVE,MA
CABLE,GA
REMOVE,CA
CABLE,IL
CABLE,IN
REMOVE,MD
CABLE,CA
REMOVE,CA
REMOVE,MA
REMOVE,WI
REMOVE,GA
CABLE,NM
CABLE,WA
CABLE,CA
CABLE,TN
CABLE,FL
CABLE,CO
CABLE,ID
CABLE,IN
REMOVE,IA
CABLE,PA
CABLE,VT
CABLE,CT
CABLE,FL
CABLE,MI
CABLE,NM
CABLE,OR
REMOVE,PA
CABLE,CA
REMOVE,MA
CABLE,IL
REMOVE,CO
REMOVE,MI
REMOVE,AZ
REMOVE,CA
CABLE,MI
CABLE,WA
CABLE,TN
CABLE,IL
CABLE,MI
CABLE,IL
CABLE,PA
CABLE,IL
REMOVE,CA
CABLE,OR
REMOVE,CO
CABLE,TN
CABLE,MI
REMOVE,DC
CABLE,NC
REMOVE,MD
REMOVE,NY
CABLE,NM
CABLE,IL
CABLE,TN
REMOVE,GA
CABLE,IL
REMOVE,TX
CABLE,IL
REMOVE,FL
CABLE,MA
CABLE,MA
CABLE,UT
CABLE,WA
CABLE,MI
CABLE,GA
CABLE,IL
CABLE,IL
REMOVE,WA
CABLE,MN
REMOVE,MN
CABLE,IL
REMOVE,NM
CABLE,IL
CABLE,TX
CABLE,TX
CABLE,CO
REMOVE,GA
CABLE,NH
REMOVE,FL
CABLE,IL
CABLE,MA
CABLE,MN
CABLE,CA
REMOVE,WA
CABLE,FL
REMOVE,OK
CABLE,CA
CABLE,GA
REMOVE,NH
CABLE,WA
REMOVE,MI
CABLE,WA
CABLE,FL
CABLE,WA
CABLE,IL
REMOVE,MA
REMOVE,FL
CABLE,TX
CABLE,IL
CABLE,MN
REMOVE,OR
CABLE,MI
REMOVE,NJ
REMOVE,AZ
CABLE,TN
REMOVE,DC
CABLE,WA
CABLE,FL
REMOVE,VA
REMOVE,PA
REMOVE,CO
CABLE,IL
CABLE,IL
CABLE,VA
CABLE,NH
REMOVE,IN
REMOVE,CT
REMOVE,NJ
REMOVE,WV
CABLE,MD
CABLE,FL
CABLE,MA
CABLE,NJ
CABLE,CA
CABLE,IL
CABLE,PA
REMOVE,DE
CABLE,IL
CABLE,LA
REMOVE,WA
CABLE,MO
CABLE,FL
CABLE,IL
CABLE,MA
REMOVE,PA
CABLE,TX
CABLE,IL
REMOVE,MI
CABLE,MI
REMOVE,CA
CABLE,DE
CABLE,IL
CABLE,IL
CABLE,MI
REMOVE,LA
CABLE,FL
CABLE,WI
CABLE,IN
CABLE,MA
CABLE,IN
CABLE,MI
CABLE,UNKNOWN
CABLE,GA
REMOVE,NJ
REMOVE,NJ
CABLE,PA
CABLE,AR
REMOVE,MI
CABLE,NJ
REMOVE,PA
CABLE,FL
REMOVE,IL
REMOVE,IL
CABLE,FL
REMOVE,UNKNOWN
CABLE,WA
CABLE,FL
CABLE,TX
REMOVE,NJ
REMOVE,IL
CABLE,CA
CABLE,GA
REMOVE,NJ
CABLE,MA
REMOVE,MN
CABLE,NH
REMOVE,CA
CABLE,IL
CABLE,MD
REMOVE,CA
REMOVE,CT
CABLE,FL
REMOVE,MN
CABLE,IL
REMOVE,MS
REMOVE,MN
CABLE,CA
REMOVE,DE
CABLE,FL
CABLE,IL
REMOVE,WV
REMOVE,KY
REMOVE,TX
CABLE,IL
CABLE,GA
CABLE,TX
CABLE,WA
CABLE,CO
CABLE,CA
CABLE,KY
CABLE,CA
CABLE,WA
CABLE,CA
REMOVE,MN
CABLE,UT
REMOVE,MA
CABLE,MD
CABLE,UNKNOWN
CABLE,PA
CABLE,UT
CABLE,FL
CABLE,CA
CABLE,FL
CABLE,NE
CABLE,OR
CABLE,VA
CABLE,WA
REMOVE,CA
CABLE,NJ
REMOVE,MA
CABLE,PA
CABLE,MI
REMOVE,GA
CABLE,MI
CABLE,MA
REMOVE,UT
CABLE,NJ
REMOVE,NJ
CABLE,MA
CABLE,FL
REMOVE,TN
CABLE,IL
CABLE,TN
REMOVE,MO
CABLE,NJ
CABLE,IL
CABLE,NJ
REMOVE,GA
CABLE,GA
CABLE,NJ
CABLE,CA
REMOVE,CA
REMOVE,CA
REMOVE,NE
CABLE,FL
REMOVE,CA
CABLE,IL
CABLE,MN
CABLE,NJ
REMOVE,VA
CABLE,MI
CABLE,TX
CABLE,MI
REMOVE,MA
REMOVE,CA
CABLE,WI
CABLE,MI
REMOVE,GA
CABLE,IL
REMOVE,PA
REMOVE,CT
CABLE,CA
CABLE,MI
REMOVE,KY
CABLE,IL
REMOVE,CA
REMOVE,CA
REMOVE,VA
CABLE,CA
CABLE,MA
REMOVE,CA
REMOVE,PA
REMOVE,CA
REMOVE,NJ
REMOVE,VA
CABLE,NY
CABLE,WA
REMOVE,IN
CABLE,IL
CABLE,FL
REMOVE,CA
REMOVE,MA
CABLE,GA
CABLE,IL
CABLE,FL
CABLE,NC
REMOVE,MA
REMOVE,MD
REMOVE,MA
CABLE,OK
CABLE,NM
REMOVE,KY
REMOVE,PA
CABLE,FL
CABLE,OH
REMOVE,MD
CABLE,OH
CABLE,NV
CABLE,IN
CABLE,CO
CABLE,WV
CABLE,MD
REMOVE,MD
REMOVE,PA
CABLE,TX
CABLE,MA
CABLE,PA
REMOVE,VA
CABLE,MA
CABLE,PA
REMOVE,VA
CABLE,MA
CABLE,PA
CABLE,GA
REMOVE,PA
REMOVE,PA
REMOVE,VA
REMOVE,CA
CABLE,OR
CABLE,WA
CABLE,OR
CABLE,WA
CABLE,WA
REMOVE,CA
CABLE,OR
REMOVE,OR
REMOVE,OR
REMOVE,WA
CABLE,CA
CABLE,CO
CABLE,UT
CABLE,CO
CABLE,CO
CABLE,IL
CABLE,IN
CABLE,IL
CABLE,IN
REMOVE,IL
REMOVE,AR
REMOVE,CA
CABLE,PA
CABLE,IL
REMOVE,VA
REMOVE,NJ
REMOVE,PA
REMOVE,IN
CABLE,MN
REMOVE,VA
CABLE,CO
CABLE,MN
CABLE,CO
CABLE,CO
CABLE,AZ
CABLE,NM
CABLE,NM
REMOVE,WA
REMOVE,WA
CABLE,VA
REMOVE,UNKNOWN
REMOVE,PA
REMOVE,DC
REMOVE,NC
REMOVE,CA
REMOVE,NJ
CABLE,MD
CABLE,TN
CABLE,CA
REMOVE,PA
REMOVE,RI
CABLE,MA
REMOVE,CO
CABLE,AL
REMOVE,CO
REMOVE,IL
REMOVE,MI
REMOVE,MN
CABLE,AZ
CABLE,TX
CABLE,CA
REMOVE,IN
CABLE,WA
REMOVE,GA
REMOVE,CO
REMOVE,NJ
REMOVE,MD
REMOVE,SC
REMOVE,GA
CABLE,IN
CABLE,IL
REMOVE,NM
REMOVE,CA
REMOVE,CA
REMOVE,OR
CABLE,OR
CABLE,UT
REMOVE,AZ
REMOVE,MD
CABLE,CO
CABLE,MA
CABLE,MA
CABLE,FL
CABLE,MI
CABLE,MN
CABLE,MN
REMOVE,IL
CABLE,WA
CABLE,CO
REMOVE,WA
REMOVE,MN
CABLE,CO
CABLE,FL
REMOVE,IL
REMOVE,GA
REMOVE,UT
CABLE,MA
CABLE,CO
CABLE,IL
REMOVE,MI
CABLE,OR
CABLE,PA
CABLE,IN
CABLE,CO
REMOVE,PA
CABLE,TX
CABLE,IL
REMOVE,VA
REMOVE,MI
REMOVE,CA
REMOVE,UNKNOWN
CABLE,FL
CABLE,CT
CABLE,LA
CABLE,CA
CABLE,TN
CABLE,PA
REMOVE,GA
CABLE,GA
REMOVE,CA
CABLE,CT
CABLE,MD
CABLE,MN
REMOVE,TN
REMOVE,CA
REMOVE,OR
CABLE,WA
CABLE,MN
REMOVE,OR
CABLE,NJ
CABLE,MA
CABLE,NH
CABLE,PA
CABLE,FL
CABLE,VA
CABLE,WA
REMOVE,CO
REMOVE,IL
REMOVE,WA
REMOVE,ID
CABLE,NH
REMOVE,IL
CABLE,CA
CABLE,UT
CABLE,TN
CABLE,MD
CABLE,FL
CABLE,MI
CABLE,Wi
CABLE,MI
REMOVE,CA
CABLE,CA
CABLE,NJ
REMOVE,VA
CABLE,MA
CABLE,IL
REMOVE,MO
REMOVE,UNKNOWN
REMOVE,CO
CABLE,CA
CABLE,IN
REMOVE,GA
CABLE,MA
CABLE,MA
CABLE,NJ
CABLE,MA
CABLE,WA
CABLE,DC
CABLE,VA
CABLE,VA
REMOVE,FL
CABLE,CO
CABLE,MA
CABLE,NJ
CABLE,CA
CABLE,NM
CABLE,PA
CABLE,PA
CABLE,DC
CABLE,IL
CABLE,UNKNOWN
REMOVE,UNKNOWN
REMOVE,FL
CABLE,IN
CABLE,NY
CABLE,VA
CABLE,MI
CABLE,TX
REMOVE,CA
CABLE,CO
CABLE,CA
CABLE,VA
CABLE,NH
CABLE,CT
CABLE,TX
CABLE,CA
REMOVE,PA
CABLE,MI
CABLE,NJ
CABLE,FL
CABLE,MI
CABLE,PA
CABLE,IL
CABLE,CA
CABLE,PA
REMOVE,IN
CABLE,NH
CABLE,UT
CABLE,PA
CABLE,OR
CABLE,IN
CABLE,CA
REMOVE,FL
CABLE,TN
CABLE,VA
CABLE,IL
REMOVE,TX
CABLE,PA
CABLE,FL
REMOVE,MI
CABLE,TN
CABLE,NH
CABLE,IN
CABLE,TN
CABLE,FL
CABLE,MI
CABLE,IL
CABLE,IL
CABLE,AR
CABLE,CO
CABLE,WA
CABLE,VT
CABLE,NJ
CABLE,CA
CABLE,OR
CABLE,OR
CABLE,WA
CABLE,WA
CABLE,WA
CABLE,MI
CABLE,MI
REMOVE,MI
CABLE,IL
CABLE,PA
CABLE,PA
CABLE,VA
CABLE,VA
CABLE,GA
CABLE,GA
REMOVE,GA
REMOVE,FL
CABLE,TN
REMOVE,MS
CABLE,MA
CABLE,NH
CABLE,VT
CABLE,VA
CABLE,GA
CABLE,MI
CABLE,MI
CABLE,WA
CABLE,CA
CABLE,VT
CABLE,MD
CABLE,IL
REMOVE,CA
REMOVE,IL
CABLE,CO
CABLE,CA
CABLE,TN
CABLE,CA
CABLE,VA
CABLE,UT
CABLE,TX
CABLE,IL
REMOVE,UT
CABLE,PA
CABLE,OR
REMOVE,CA
CABLE,MO
CABLE,WA
CABLE,IN
CABLE,CA
CABLE,CT
CABLE,MA
CABLE,FL
CABLE,NY
CABLE,DC
CABLE,VA
CABLE,NM
CABLE,CA
REMOVE,NH
CABLE,NJ
REMOVE,PA
CABLE,NM
CABLE,TN
CABLE,IL
CABLE,OR
CABLE,UT
CABLE,MA
REMOVE,CO
CABLE,FL
CABLE,DE
CABLE,OK
CABLE,MN
CABLE,CA
CABLE,TX
CABLE,MA
REMOVE,NM
REMOVE,TX
CABLE,CO
CABLE,UNKNOWN
CABLE,WA
CABLE,CA
CABLE,WA
CABLE,VA
CABLE,TN
CABLE,KS
CABLE,VT
CABLE,MA
CABLE,IL
CABLE,WA
CABLE,UT
CABLE,OR
CABLE,CA
CABLE,WA
CABLE,TX
CABLE,CA
REMOVE,NY
CABLE,TN
CABLE,MI
REMOVE,VA
REMOVE,UNKNOWN
CABLE,CO
CABLE,CO
CABLE,OH
REMOVE,CA
CABLE,MO
CABLE,MI
CABLE,VA
CABLE,PA
CABLE,FL
CABLE,CO
CABLE,CA
CABLE,CA
REMOVE,IN
REMOVE,CA
CABLE,OR
CABLE,IL
CABLE,WA
CABLE,WA
CABLE,WA
CABLE,TX
CABLE,NM
CABLE,IL
CABLE,IN
CABLE,CA
CABLE,MI
CABLE,CT
CABLE,VT
CABLE,CT
CABLE,CT
CABLE,NJ
REMOVE,NJ
CABLE,PA
CABLE,PA
CABLE,VA
REMOVE,MD
CABLE,GA
CABLE,FL
REMOVE,FL
REMOVE,UNKNOWN
CABLE,FL
CABLE,MN
CABLE,MN
CABLE,IL
CABLE,MA
CABLE,VT
REMOVE,CT
REMOVE,PA
CABLE,VA
REMOVE,VA
CABLE,GA
REMOVE,AL
REMOVE,MI
CABLE,TX
CABLE,TX
CABLE,TX
REMOVE,TX
CABLE,CO
CABLE,CO
REMOVE,UT
CABLE,UT
REMOVE,UT
CABLE,UT
CABLE,UT
CABLE,AZ
CABLE,CA
CABLE,CA
CABLE,CA
CABLE,CA
CABLE,OR
CABLE,WA
CABLE,WA
CABLE,WA
CABLE,WA
CABLE,WA
REMOVE,IN
CABLE,CO
CABLE,CA
CABLE,CA
REMOVE,CA
REMOVE,CA
CABLE,CA
CABLE,WA
REMOVE,WA
REMOVE,UNKNOWN
REMOVE,CO
CABLE,GA
CABLE,IL
CABLE,NH
CABLE,NJ
REMOVE,WA
CABLE,FL
REMOVE,MI
CABLE,MN
REMOVE,NJ
REMOVE,VA
CABLE,VT
CABLE,PA
CABLE,PA
CABLE,PA
CABLE,PA
REMOVE,PA
CABLE,PA
CABLE,PA
CABLE,PA
CABLE,PA
CABLE,PA
CABLE,PA
CABLE,PA
CABLE,PA
CABLE,PA
REMOVE,PA
REMOVE,PA
CABLE,PA
REMOVE,PA
CABLE,DE
CABLE,DE
CABLE,DE
CABLE,DC
REMOVE,DC
REMOVE,DC
CABLE,DC
REMOVE,VA
CABLE,VA
REMOVE,MD
REMOVE,MD
REMOVE,MD
CABLE,MD
CABLE,MD
CABLE,MD
CABLE,MD
CABLE,MD
REMOVE,MD
CABLE,ME
REMOVE,MD
CABLE,MD
REMOVE,MD
CABLE,MD
CABLE,MD
CABLE,MD
CABLE,MD
CABLE,MD
REMOVE,VA
CABLE,VA
REMOVE,VA
REMOVE,VA
REMOVE,VA
CABLE,VA
CABLE,VA
CABLE,VA
CABLE,VA
REMOVE,VA
CABLE,OH
CABLE,IN
CABLE,IL
CABLE,CA
CABLE,MA
CABLE,MA
CABLE,MA
CABLE,MA
CABLE,MA
CABLE,MA
CABLE,MA
CABLE,MA
CABLE,MA
CABLE,MA
CABLE,NH
CABLE,NH
REMOVE,NH
REMOVE,NH
CABLE,NH
CABLE,NH
CABLE,VT
CABLE,CT
CABLE,CT
CABLE,CT
REMOVE,CT
CABLE,NJ
REMOVE,NJ
CABLE,NJ
CABLE,NJ
CABLE,NJ
CABLE,NJ
CABLE,NJ
CABLE,NJ
REMOVE,NJ
REMOVE,NJ
CABLE,NJ
CABLE,NJ
CABLE,NJ
REMOVE,NJ
CABLE,NJ
REMOVE,NJ
CABLE,CO
REMOVE,CO
REMOVE,MA
REMOVE,MA
REMOVE,MA
REMOVE,MA
CABLE,VA
REMOVE,IL
CABLE,PA
CABLE,PA
CABLE,NJ
CABLE,OR
REMOVE,UNKNOWN
CABLE,NJ
CABLE,VA
REMOVE,MD
REMOVE,NH
REMOVE,WA
CABLE,FL
CABLE,MN
REMOVE,WA
REMOVE,UNKNOWN
CABLE,AL
CABLE,AL
CABLE,OR
REMOVE,NJ
REMOVE,CA
CABLE,MI
CABLE,NJ
CABLE,OR
CABLE,TN
CABLE,ME
CABLE,WV
CABLE,MI
CABLE,FL
CABLE,UT
CABLE,CA
CABLE,CA
CABLE,OR
REMOVE,PA
CABLE,CA
CABLE,NJ
CABLE,VA
CABLE,AZ
CABLE,AZ
CABLE,AZ
CABLE,AZ
CABLE,OK
CABLE,GA
REMOVE,LA
CABLE,AZ
CABLE,LA
CABLE,OR
CABLE,FL
CABLE,VA
CABLE,NV
REMOVE,KS
CABLE,LA
CABLE,LA
CABLE,VA
CABLE,AZ
CABLE,VA
CABLE,AZ
CABLE,CA
CABLE,AZ
CABLE,VA
REMOVE,LA
CABLE,CA
CABLE,AZ
REMOVE,VA
CABLE,AZ
CABLE,AZ
CABLE,AZ
CABLE,VA
CABLE,CA
CABLE,AZ
REMOVE,OK
CABLE,CA
CABLE,AZ
CABLE,VA
CABLE,AZ
CABLE,AZ
CABLE,CA
CABLE,AZ
CABLE,OK
CABLE,CA
CABLE,AZ
CABLE,NV
CABLE,LA
CABLE,KS
CABLE,VA
CABLE,AZ
CABLE,OK
CABLE,AZ
CABLE,AZ
CABLE,VA
CABLE,AZ
CABLE,AZ
CABLE,AZ
REMOVE,VA
CABLE,AZ
CABLE,NV
CABLE,AZ
REMOVE,CO
REMOVE,KS
CABLE,KS
CABLE,AZ
CABLE,RI
CABLE,AZ
CABLE,CA
CABLE,CT
CABLE,AZ
CABLE,AZ
CABLE,AZ
REMOVE,NV
CABLE,AZ
REMOVE,OK
CABLE,FL
REMOVE,AZ
CABLE,OK
CABLE,NE
REMOVE,VA
CABLE,AZ
CABLE,AZ
CABLE,UNKNOWN
CABLE,KS
CABLE,AZ
CABLE,CA
CABLE,AZ
CABLE,RI
CABLE,RI
CABLE,NV
CABLE,LA
CABLE,CA
CABLE,NV
CABLE,AZ
CABLE,VA
CABLE,AZ
CABLE,AZ
CABLE,AZ
REMOVE,CO
CABLE,VA
CABLE,CA
CABLE,CA
CABLE,CA
CABLE,AZ
CABLE,CT
CABLE,OK
CABLE,TX
CABLE,CA
CABLE,AZ
CABLE,CA
CABLE,AZ
CABLE,AZ
CABLE,AZ
REMOVE,AZ
CABLE,NE
CABLE,CA
CABLE,UNKNOWN
CABLE,AZ
REMOVE,AZ
CABLE,CA
CABLE,AZ
CABLE,AR
REMOVE,FL
CABLE,NH
CABLE,NE
CABLE,NE
CABLE,AZ
CABLE,CA
CABLE,AZ
CABLE,KS
CABLE,CA
CABLE,AZ
CABLE,NV
CABLE,NV
CABLE,VA
CABLE,AZ
CABLE,AZ
CABLE,OH
REMOVE,AZ
CABLE,AZ
CABLE,IA
CABLE,NE
CABLE,OK
CABLE,OK
CABLE,VA
CABLE,NE
CABLE,LA
CABLE,OK
CABLE,AR
CABLE,UT
CABLE,AZ
CABLE,NC
CABLE,AZ
CABLE,AZ
CABLE,CT
CABLE,VA
CABLE,CT
CABLE,AZ
REMOVE,OK
REMOVE,NE
CABLE,FL
CABLE,AZ
CABLE,NV
CABLE,VA
REMOVE,RI
CABLE,KS
CABLE,AZ
CABLE,VA
CABLE,LA
CABLE,AZ
CABLE,VA
CABLE,VA
CABLE,KS
CABLE,NE
CABLE,VA
CABLE,VA
CABLE,OK
CABLE,NE
REMOVE,NY
REMOVE,CA
CABLE,GA
CABLE,CA
CABLE,GA
CABLE,NV
CABLE,RI
CABLE,OK
CABLE,KS
CABLE,FL
CABLE,LA
CABLE,AZ
CABLE,NE
CABLE,AZ
CABLE,OK
CABLE,VA
CABLE,AZ
CABLE,AZ
CABLE,AZ
CABLE,AZ
CABLE,LA
CABLE,KS
CABLE,FL
CABLE,FL
CABLE,FL
CABLE,KS
CABLE,RI
CABLE,NV
CABLE,UNKNOWN
CABLE,VA
CABLE,FL
CABLE,FL
CABLE,CT
CABLE,KS
CABLE,AR
CABLE,UNKNOWN
CABLE,FL
CABLE,LA
CABLE,IA
CABLE,MO
CABLE,VA
CABLE,CA
CABLE,FL
CABLE,AZ
REMOVE,CA
CABLE,AZ
CABLE,AZ
CABLE,NV
CABLE,CA
REMOVE,AR
REMOVE,OK
CABLE,KS
CABLE,AZ
CABLE,AZ
CABLE,AZ
CABLE,AZ
CABLE,AZ
REMOVE,AZ
CABLE,AZ
CABLE,AZ
CABLE,AZ
CABLE,AZ
CABLE,AZ
CABLE,AZ
CABLE,AZ
CABLE,AZ
CABLE,NV
CABLE,VA
CABLE,FL
CABLE,VA
REMOVE,VA
REMOVE,GA
CABLE,FL
CABLE,KS
CABLE,OK
REMOVE,OK
REMOVE,AZ
CABLE,CA
CABLE,CA
CABLE,CA
CABLE,CA
REMOVE,CA
REMOVE,OK
CABLE,CA
CABLE,VA
REMOVE,AZ
CABLE,CA
CABLE,CA
CABLE,CA
CABLE,CA
REMOVE,OH
CABLE,OK
REMOVE,AZ
CABLE,AZ
CABLE,CA
CABLE,CT
CABLE,GA
CABLE,UNKNOWN
CABLE,UNKNOWN
CABLE,UNKNOWN
CABLE,UNKNOWN
CABLE,UNKNOWN
CABLE,UNKNOWN
CABLE,UNKNOWN
CABLE,UNKNOWN
CABLE,UNKNOWN
CABLE,UNKNOWN
CABLE,UNKNOWN
CABLE,UNKNOWN
CABLE,UNKNOWN
CABLE,UNKNOWN
CABLE,UNKNOWN
CABLE,UNKNOWN
CABLE,UNKNOWN
CABLE,AZ
CABLE,NV
CABLE,FL
CABLE,GA
CABLE,AZ
CABLE,OK
CABLE,OK
CABLE,AZ
CABLE,LA
CABLE,AZ
REMOVE,NV
CABLE,FL
REMOVE,AZ
CABLE,AZ
CABLE,AZ
CABLE,CA
REMOVE,CA
CABLE,AZ
CABLE,VA
CABLE,VA
CABLE,AZ
CABLE,NE
CABLE,GA
CABLE,OK
CABLE,OK
CABLE,NE
REMOVE,CA
CABLE,FL
CABLE,CA
CABLE,AZ
CABLE,CA
CABLE,NE
CABLE,CT
CABLE,OK
CABLE,AZ
REMOVE,AZ
CABLE,AZ
REMOVE,AZ
CABLE,OH
REMOVE,LA
CABLE,CA
CABLE,CT
CABLE,OK
REMOVE,AZ
CABLE,AZ
REMOVE,NE
CABLE,CA
CABLE,AZ
CABLE,CA
CABLE,AZ
CABLE,VA
REMOVE,AZ
CABLE,CA
CABLE,CA
CABLE,NE
REMOVE,FL
CABLE,CA
CABLE,GA
CABLE,CT
REMOVE,CA
CABLE,OK
CABLE,AZ
CABLE,AZ
CABLE,AZ
CABLE,AZ
REMOVE,OK
CABLE,OH
CABLE,RI
CABLE,OK
REMOVE,OK
REMOVE,NE
CABLE,AR
CABLE,AZ
CABLE,OK
CABLE,AZ
CABLE,AZ
CABLE,AZ
CABLE,VA
CABLE,LA
CABLE,AZ
CABLE,LA
CABLE,KS
REMOVE,CA
CABLE,AZ
CABLE,VA
CABLE,LA
REMOVE,AZ
CABLE,AZ
CABLE,AZ
CABLE,VA
CABLE,CA
CABLE,CO
CABLE,VA
CABLE,CA
CABLE,LA
CABLE,AZ
CABLE,OH
CABLE,NE
CABLE,AZ
CABLE,AZ
CABLE,AZ
REMOVE,NV
CABLE,FL
REMOVE,OK
CABLE,AZ
CABLE,VA
REMOVE,VA
CABLE,FL
REMOVE,OK
CABLE,VA
CABLE,VA
CABLE,AZ
CABLE,AZ
CABLE,AZ
CABLE,AZ
CABLE,AZ
CABLE,AZ
CABLE,CA
CABLE,CA
CABLE,AZ
CABLE,CA
MISC,NY
MISC,TX
MISC,NY
MISC,CA
MISC,NY
MISC,NC
MISC,NY
MISC,CA
MISC,WI
MISC,CA
MISC,NY
MISC,NH
MISC,MN
MISC,NE
MISC,NC
MISC,WA
MISC,TX
REMOVE,UNKNOWN
REMOVE,NJ
FIBER,OR
FIBER,WA
REMOVE,WA
FIBER,WA
DSL,CA
FIBER,WA
FIBER,WA
DSL,CA
FIBER,WA
FIBER,OR
FIBER,WA
FIBER,OR
DSL,WV
DSL,NY
DSL,WV
DSL,CT
DSL,IN
FIBER,IN
DSL,IL
FIBER,IN
DSL,MN
FIBER,OR
REMOVE,WV
DSL,OR
DSL,OR
DSL,CT
FIBER,OR
REMOVE,CA
DSL,IN
DSL,IL
DSL,NC
DSL,IL
DSL,CA
REMOVE,DC
DSL,WA
DSL,MN
FIBER,IN
DSL,IL
DSL,MN
FIBER,OR
DSL,OH
DSL,PA
DSL,PA
DSL,IL
DSL,WA
DSL,IA
DSL,NY
REMOVE,WA
DSL,NY
DSL,NY
DSL,NY
DSL,NY
DSL,TN
DSL,NY
DSL,NY
DSL,PA
DSL,PA
FIBER,OR
FIBER,OR
FIBER,OR
DSL,WA
FIBER,OR
FIBER,OR
FIBER,OR
FIBER,OR
FIBER,OR
FIBER,OR
REMOVE,OR
FIBER,OR
FIBER,OR
FIBER,OR
DSL,OR
FIBER,WA
FIBER,WA
DSL,WA
DSL,WA
DSL,WA
DSL,CA
DSL,OR
DSL,OR
FIBER,OR
DSL,OR
DSL,OR
FIBER,OR
FIBER,OR
FIBER,WA
DSL,WA
FIBER,WA
DSL,WA
DSL,WA
DSL,WA
DSL,WA
FIBER,OR
DSL,WA
DSL,WA
FIBER,WA
DSL,WA
FIBER,OR
FIBER,OR
FIBER,OR
FIBER,OR
FIBER,OR
FIBER,OR
FIBER,WA
FIBER,WA
DSL,WA
DSL,ID
DSL,ID
DSL,NV
REMOVE,ID
DSL,OH
DSL,IL
DSL,IL
DSL,OH
DSL,OH
DSL,OH
DSL,OH
DSL,OH
DSL,OH
DSL,OH
DSL,OH
DSL,OH
DSL,OH
DSL,OH
DSL,MI
DSL,IA
DSL,WI
DSL,WI
DSL,WI
DSL,WI
DSL,MN
DSL,MN
DSL,MN
DSL,IL
DSL,IL
DSL,IL
DSL,IL
DSL,IL
DSL,MN
DSL,OH
DSL,NE
DSL,OH
DSL,OH
DSL,OH
DSL,OH
DSL,OH
DSL,OH
DSL,OH
DSL,OH
DSL,OH
DSL,WI
DSL,WI
DSL,MN
DSL,MN
DSL,MN
DSL,MN
DSL,MN
DSL,MN
DSL,IL
DSL,IL
DSL,IL
DSL,IL
DSL,IL
DSL,OH
DSL,WI
DSL,NV
FIBER,OR
FIBER,WA
DSL,NY
DSL,IL
DSL,ID
FIBER,OR
DSL,OH
DSL,NV
DSL,WA
FIBER,WA
DSL,MI
DSL,CA
FIBER,OR
DSL,NY
DSL,WV
DSL,CA
FIBER,OR
FIBER,OR
FIBER,OR
DSL,NY
DSL,NY
REMOVE,WV
DSL,OH
DSL,MI
DSL,MI
DSL,IL
FIBER,OR
FIBER,OR
FIBER,OR
FIBER,OR
FIBER,OR
FIBER,WA
DSL,WA
FIBER,WA
DSL,NY
DSL,MN
DSL,OH
DSL,OH
FIBER,OR
FIBER,WA
FIBER,OR
FIBER,OR
DSL,ID
DSL,OR
DSL,WV
DSL,OH
DSL,WI
DSL,OH
DSL,NY
DSL,NY
FIBER,OR
DSL,WA
DSL,CA
DSL,WI
DSL,NY
FIBER,OR
DSL,WA
FIBER,WA
FIBER,UNKNOWN
DSL,NC
DSL,CA
DSL,CA
DSL,CT
FIBER,OR
FIBER,WA
DSL,MN
FIBER,OR
FIBER,OR
FIBER,WA
REMOVE,IN
FIBER,OR
FIBER,OR
REMOVE,OR
FIBER,IN
FIBER,WA
FIBER,OR
FIBER,OR
FIBER,WA
FIBER,OR
FIBER,WA
FIBER,WA
FIBER,WA
DSL,ID
FIBER,WA
FIBER,OR
FIBER,WA
FIBER,OR
FIBER,WA
DSL,WA
DSL,IN
FIBER,WA
FIBER,OR
DSL,OR
FIBER,OR
REMOVE,WA
FIBER,WA
REMOVE,WA
FIBER,OR
FIBER,WA
FIBER,OR
FIBER,WA
FIBER,OR
DSL,IL
DSL,IN
DSL,ID
FIBER,OR
FIBER,WA
FIBER,WA
DSL,NC
FIBER,OR
DSL,CT
DSL,WV
DSL,MI
DSL,OH
DSL,OR
FIBER,OR
DSL,IL
FIBER,OR
FIBER,OR
DSL,MI
DSL,WV
DSL,WV
DSL,MI
DSL,MI
DSL,WI
DSL,MN
REMOVE,IL
DSL,AZ
DSL,CT
DSL,IN
DSL,OR
DSL,WI
DSL,WV
DSL,WV
DSL,NC
FIBER,OR
FIBER,IN
FIBER,WA
FIBER,UNKNOWN
FIBER,WA
FIBER,OR
FIBER,WA
FIBER,OR
FIBER,WA
FIBER,OR
FIBER,OR
FIBER,WA
DSL,MI
DSL,WA
FIBER,WA
MISC,HI
MISC,HI
MISC,HI
MISC,HI
MISC,HI
MISC,HI
MISC,HI
MISC,HI
MISC,HI
MISC,HI
MISC,HI
MISC,HI
MISC,HI
MISC,HI
MISC,HI
MISC,HI
MISC,HI
MISC,HI
MISC,HI
REMOVE,CA
REMOVE,MD
SATELLITE,KY
REMOVE,VA
REMOVE,FL
REMOVE,GA
REMOVE,OK
SATELLITE,MA
SATELLITE,WA
REMOVE,NC
SATELLITE,OH
REMOVE,MO
SATELLITE,LA
SATELLITE,OR
SATELLITE,PA
SATELLITE,VA
SATELLITE,VA
SATELLITE,SC
SATELLITE,SC
SATELLITE,FL
SATELLITE,MI
SATELLITE,MI
SATELLITE,MI
REMOVE,WI
SATELLITE,LA
SATELLITE,LA
REMOVE,LA
REMOVE,AR
SATELLITE,AR
REMOVE,TX
REMOVE,TX
SATELLITE,CA
SATELLITE,CA
SATELLITE,CA
SATELLITE,OR
SATELLITE,MA
SATELLITE,NY
SATELLITE,CA
SATELLITE,OK
SATELLITE,IL
SATELLITE,NY
SATELLITE,VA
SATELLITE,WI
SATELLITE,MO
SATELLITE,GA
REMOVE,NY
REMOVE,CA
SATELLITE,MI
SATELLITE,MD
SATELLITE,CO
SATELLITE,AZ
SATELLITE,CA
SATELLITE,CA
SATELLITE,WI
SATELLITE,AL
SATELLITE,VA
REMOVE,OK
SATELLITE,MO
SATELLITE,LA
SATELLITE,OK
SATELLITE,CO
SATELLITE,WI
SATELLITE,AL
SATELLITE,AL
SATELLITE,WA
SATELLITE,CA
SATELLITE,WI
REMOVE,MI
REMOVE,AR
SATELLITE,VA
SATELLITE,MO
SATELLITE,MA
REMOVE,MS
SATELLITE,LA
REMOVE,MD
SATELLITE,WA
SATELLITE,WI
REMOVE,LA
SATELLITE,CA
SATELLITE,LA
SATELLITE,Ma
SATELLITE,AR
SATELLITE,FL
SATELLITE,TX
SATELLITE,NC
SATELLITE,FL
SATELLITE,UNKNOWN
SATELLITE,MO
SATELLITE,CA
SATELLITE,AR
SATELLITE,GA
SATELLITE,UNKNOWN
SATELLITE,MI
SATELLITE,KY
SATELLITE,FL
SATELLITE,AR
SATELLITE,MS
SATELLITE,OH
SATELLITE,AR
SATELLITE,ID
SATELLITE,FL
SATELLITE,OH
SATELLITE,FL
SATELLITE,NC
SATELLITE,ME
SATELLITE,MO
SATELLITE,WV
SATELLITE,KY
SATELLITE,FL
SATELLITE,CA
SATELLITE,IN
SATELLITE,MI
SATELLITE,OH
SATELLITE,WI
SATELLITE,WI
REMOVE,MO
SATELLITE,MO
SATELLITE,WI
SATELLITE,AR
REMOVE,MO
REMOVE,CA
REMOVE,AR
SATELLITE,PA
CABLE,KY
CABLE,KY
CABLE,KY
CABLE,KY
CABLE,KY
CABLE,KY
CABLE,UNKNOWN
CABLE,OH
CABLE,KY
CABLE,IN
CABLE,KY
CABLE,KY
CABLE,KY
CABLE,KY
CABLE,KY
CABLE,KY
CABLE,KY
CABLE,KY
CABLE,KY
CABLE,IN
CABLE,KY
CABLE,KY
CABLE,KY
CABLE,KY
CABLE,KY
CABLE,OH
CABLE,KY
CABLE,KY
CABLE,KY
CABLE,KY
CABLE,KY
CABLE,KY
CABLE,KY
CABLE,KY
CABLE,KY
CABLE,KY
CABLE,KY
CABLE,KY
CABLE,UNKNOWN
CABLE,KY
CABLE,KY
CABLE,KY
CABLE,KY
CABLE,IN
CABLE,UNKNOWN
CABLE,KY
CABLE,KY
CABLE,CA
CABLE,MO
CABLE,IL
CABLE,MN
REMOVE,MO
CABLE,IA
CABLE,IA
CABLE,SD
CABLE,AZ
CABLE,MO
CABLE,GA
CABLE,IA
CABLE,CA
CABLE,MO
CABLE,MO
CABLE,IA
CABLE,UNKNOWN
CABLE,GA
CABLE,AL
CABLE,IL
CABLE,UNKNOWN
CABLE,MO
REMOVE,IA
CABLE,IA
CABLE,IA
CABLE,IA
CABLE,IL
CABLE,IA
CABLE,NC
CABLE,IA
CABLE,IA
REMOVE,IA
CABLE,MO
CABLE,WI
CABLE,IA
CABLE,UNKNOWN
CABLE,IA
CABLE,NJ
CABLE,IA
CABLE,IA
CABLE,IA
CABLE,IA
CABLE,IA
CABLE,IA
CABLE,IA
CABLE,IA
CABLE,IA
CABLE,IA
CABLE,IA
CABLE,IA
CABLE,IA
REMOVE,IA
REMOVE,IA
CABLE,IA
CABLE,IA
CABLE,IA
CABLE,IA
CABLE,IA
CABLE,IA
REMOVE,IA
CABLE,IA
CABLE,IA
CABLE,IA
CABLE,IA
CABLE,IA
CABLE,IA
CABLE,IA
CABLE,IA
CABLE,IA
CABLE,UNKNOWN
REMOVE,IA
CABLE,IA
CABLE,IA
CABLE,IL
CABLE,IA
CABLE,IA
CABLE,IA
CABLE,IA
CABLE,IA
REMOVE,IA
CABLE,IA
REMOVE,IA
CABLE,IA
CABLE,IA
CABLE,IA
CABLE,IA
CABLE,IA
CABLE,IA
CABLE,IA
REMOVE,IA
REMOVE,IA
CABLE,IA
CABLE,IA
CABLE,IA
CABLE,IA
CABLE,IA
CABLE,IA
CABLE,IA
CABLE,IA
CABLE,IA
CABLE,IA
CABLE,IA
CABLE,IA
CABLE,IN
REMOVE,IA
CABLE,IA
REMOVE,IA
CABLE,MO
REMOVE,IA
CABLE,IA
CABLE,IA
CABLE,MN
CABLE,IA
CABLE,IA
CABLE,IA
CABLE,IA
CABLE,IA
REMOVE,IL
CABLE,IN
CABLE,MN
CABLE,IA
CABLE,MO
CABLE,IN
CABLE,IA
CABLE,IA
REMOVE,UNKNOWN
REMOVE,IA
CABLE,IA
CABLE,IL
REMOVE,IN
CABLE,IA
CABLE,IA
CABLE,KY
CABLE,IA
CABLE,FL
CABLE,IA
CABLE,IA
CABLE,IA
CABLE,IA
CABLE,IA
REMOVE,IA
CABLE,GA
CABLE,IA
REMOVE,IA
CABLE,IA
CABLE,IA
CABLE,FL
CABLE,DE
REMOVE,UNKNOWN
CABLE,KY
CABLE,IL
CABLE,IL
CABLE,IA
CABLE,MN
REMOVE,IA
CABLE,AL
CABLE,IA
REMOVE,IN
CABLE,IA
REMOVE,IA
REMOVE,IL
CABLE,IA
CABLE,IA
CABLE,IA
CABLE,IA
CABLE,IA
CABLE,IA
CABLE,IA
CABLE,IA
REMOVE,IA
CABLE,IA
REMOVE,IA
CABLE,IA
CABLE,IA
CABLE,IA
CABLE,IA
CABLE,IA
CABLE,IA
CABLE,IA
CABLE,IA
REMOVE,IA
CABLE,IA
CABLE,IA
CABLE,IA
CABLE,IA
REMOVE,IA
CABLE,IA
CABLE,IA
CABLE,IA
CABLE,IA
CABLE,KY
CABLE,IA
CABLE,IA
CABLE,IA
CABLE,IA
CABLE,IA
CABLE,IA
CABLE,IA
CABLE,IA
CABLE,IA
CABLE,IA
CABLE,IA
REMOVE,IA
CABLE,IA
CABLE,IA
CABLE,IA
CABLE,IA
CABLE,IA
CABLE,IA
CABLE,IA
CABLE,IA
CABLE,IA
CABLE,IA
CABLE,IA
CABLE,IA
REMOVE,NC
CABLE,AL
CABLE,FL
CABLE,IA
CABLE,IA
CABLE,IA
CABLE,IA
CABLE,IA
CABLE,IA
CABLE,IA
CABLE,IA
CABLE,IA
CABLE,IA
CABLE,IA
CABLE,IA
CABLE,IA
CABLE,IA
REMOVE,IA
CABLE,IA
CABLE,IA
CABLE,IA
CABLE,IA
CABLE,IA
CABLE,IA
REMOVE,IA
CABLE,IA
CABLE,IA
CABLE,IA
CABLE,IA
CABLE,IA
CABLE,IA
CABLE,IA
CABLE,IA
CABLE,IA
REMOVE,IA
CABLE,IA
CABLE,IA
CABLE,IA
CABLE,IA
CABLE,IA
CABLE,IA
CABLE,IA
REMOVE,MO
CABLE,IA
CABLE,IA
CABLE,IA
CABLE,IA
REMOVE,UNKNOWN
REMOVE,IA
CABLE,IA
CABLE,IA
CABLE,IA
REMOVE,IA
CABLE,IL
CABLE,IA
REMOVE,IA
CABLE,IA
REMOVE,FL
MISC,WI
MISC,MS
MISC,TX
MISC,CA
MISC,CA
MISC,KY
MISC,VA
MISC,MD
MISC,AR
MISC,OR
MISC,OH
MISC,TN
MISC,VA
MISC,MD
MISC,FL
MISC,WI
MISC,UT
MISC,KS
MISC,WA
MISC,MD
MISC,TX
MISC,TX
MISC,MD
MISC,CA
MISC,VA
MISC,SC
MISC,IN
MISC,VA
MISC,IN
MISC,MI
MISC,TN
MISC,NC
MISC,OH
MISC,MD
MISC,WA
MISC,MA
MISC,MI
MISC,IA
MISC,AZ
MISC,MD
MISC,CA
MISC,WA
MISC,WA
MISC,CA
MISC,TX
MISC,IN
MISC,WV
MISC,PA
MISC,TX
MISC,HI
MISC,PA
MISC,WA
MISC,IL
MISC,GA
MISC,MI
MISC,NJ
MISC,MS
MISC,MI
MISC,IN
MISC,AZ
MISC,AR
MISC,IA
MISC,NC
MISC,OK
MISC,CA
MISC,CA
MISC,OH
MISC,VA
MISC,WA
MISC,VA
MISC,FL
MISC,MN
MISC,TX
MISC,MN
MISC,TN
MISC,CA
MISC,IL
MISC,IA
MISC,NY
MISC,FL
MISC,MI
MISC,IA
MISC,MI
MISC,UNKNOWN
MISC,OH
MISC,NC
MISC,GA
MISC,WA
MISC,GA
MISC,GA
MISC,UNKNOWN
MISC,TX
MISC,FL
MISC,IN
MISC,OH
MISC,PA
MISC,PA
MISC,MD
MISC,TX
MISC,NH
MISC,WI
MISC,NE
MISC,IN
MISC,CA
MISC,UT
MISC,TX
MISC,LA
MISC,CA
MISC,UNKNOWN
MISC,NH
MISC,OH
MISC,NJ
MISC,OH
MISC,OR
MISC,WI
MISC,FL
MISC,FL
MISC,FL
MISC,MO
MISC,TN
MISC,NV
MISC,MA
MISC,TX
MISC,VA
MISC,OH
MISC,WI
MISC,OH
MISC,OH
MISC,WI
MISC,CA
MISC,LA
MISC,AR
MISC,VA
MISC,NY
MISC,WV
MISC,NV
MISC,MO
MISC,MO
MISC,TX
MISC,NC
MISC,UT
MISC,WA
MISC,KY
MISC,KY
MISC,KY
MISC,TX
MISC,CA
MISC,TX
MISC,MO
MISC,LA
MISC,NY
MISC,MD
MISC,TN
MISC,PA
MISC,NY
MISC,PA
MISC,MD
MISC,MS
MISC,WA
MISC,ID
MISC,UT
MISC,IL
MISC,IL
MISC,OH
MISC,IA
MISC,IL
MISC,UNKNOWN
MISC,UNKNOWN
MISC,UNKNOWN
MISC,UNKNOWN
MISC,AR
MISC,GA
MISC,GA
MISC,KY
MISC,KY
MISC,WA
MISC,WA
MISC,OK
MISC,VA
MISC,MN
MISC,MN
MISC,MD
MISC,VA
MISC,IN
MISC,CA
MISC,NY
MISC,PA
MISC,OH
MISC,OR
MISC,WA
MISC,WA
MISC,CO
MISC,PA
MISC,WY
MISC,MN
MISC,VA
MISC,OH
MISC,OH
MISC,AL
MISC,VA
MISC,NY
MISC,WA
MISC,OH
MISC,IN
MISC,TX
MISC,WA
MISC,NY
MISC,NC
MISC,NC
MISC,MD
MISC,UT
MISC,FL
MISC,FL
MISC,OH
MISC,KS
MISC,NM
MISC,TX
MISC,CO
MISC,WA
MISC,IN
MISC,SC
MISC,KY
MISC,OH
MISC,IL
MISC,IL
MISC,IN
MISC,OH
MISC,PA
MISC,UNKNOWN
MISC,UNKNOWN
MISC,MI
MISC,IL
MISC,UNKNOWN
MISC,TX
MISC,UNKNOWN
MISC,UNKNOWN
MISC,AR
MISC,KS
MISC,VA
MISC,UT
MISC,CO
MISC,CA
MISC,WA
MISC,WA
MISC,VA
MISC,MN
MISC,CO
MISC,MO
MISC,MO
MISC,NC
MISC,TX
MISC,HI
MISC,HI
MISC,HI
MISC,HI
MISC,HI
MISC,HI
MISC,HI
MISC,HI
MISC,HI
MISC,HI
MISC,HI
MISC,HI
MISC,HI
MISC,HI
MISC,HI
MISC,HI
MISC,HI
MISC,HI
MISC,HI
MISC,HI
MISC,HI
MISC,HI
MISC,HI
MISC,HI
MISC,HI
MISC,HI
MISC,HI
MISC,HI
MISC,UNKNOWN
MISC,HI
MISC,HI
DSL,CA
DSL,UT
DSL,CO
DSL,CO
DSL,CO
DSL,WA
DSL,AZ
DSL,CO
REMOVE,MN
DSL,CO
DSL,AZ
DSL,NM
DSL,CO
DSL,WA
DSL,MO
DSL,AZ
DSL,AZ
DSL,IL
DSL,CO
DSL,OR
DSL,AZ
DSL,CO
DSL,CO
DSL,AZ
DSL,OR
DSL,AZ
DSL,CO
DSL,ID
DSL,NM
DSL,OR
DSL,AZ
DSL,MN
DSL,UT
DSL,CO
DSL,WA
DSL,AZ
DSL,MN
DSL,IA
DSL,CO
DSL,ND
DSL,MN
DSL,MN
DSL,AZ
DSL,CO
DSL,AZ
DSL,NE
DSL,UT
DSL,MN
DSL,MN
DSL,AZ
DSL,AZ
DSL,NE
DSL,MN
DSL,NM
DSL,CO
DSL,NM
DSL,CO
DSL,ID
DSL,AZ
DSL,NC
DSL,AZ
DSL,MN
DSL,UT
DSL,UT
DSL,UT
DSL,MN
DSL,MN
DSL,IA
DSL,MN
DSL,CO
DSL,CO
DSL,MN
DSL,NM
DSL,MN
DSL,AZ
DSL,CO
DSL,AZ
DSL,ID
REMOVE,NM
DSL,PA
DSL,UT
DSL,AZ
DSL,IA
DSL,WA
DSL,CA
DSL,WI
DSL,UT
REMOVE,CO
DSL,AZ
DSL,ID
DSL,IA
DSL,MT
DSL,UT
DSL,MN
DSL,MN
DSL,IA
DSL,SD
DSL,NE
DSL,MN
DSL,MN
DSL,AZ
DSL,CO
DSL,MT
DSL,MN
DSL,WA
DSL,TN
DSL,AZ
DSL,CO
DSL,IA
DSL,WA
DSL,CO
DSL,WA
DSL,CO
DSL,CO
DSL,CO
DSL,UT
DSL,CO
DSL,ID
REMOVE,IA
DSL,IA
DSL,NE
DSL,TX
DSL,IA
REMOVE,NE
DSL,IA
DSL,AZ
DSL,AZ
DSL,AZ
DSL,AZ
DSL,IA
DSL,IA
DSL,IA
DSL,MN
DSL,MN
DSL,CO
DSL,CO
DSL,CO
DSL,AZ
DSL,AZ
DSL,NM
DSL,NM
REMOVE,AZ
REMOVE,MN
DSL,MN
DSL,AZ
DSL,WA
DSL,CO
DSL,AR
DSL,CO
DSL,UT
DSL,AZ
DSL,CO
DSL,AZ
DSL,IA
DSL,CO
DSL,ID
DSL,AZ
DSL,NM
DSL,WA
DSL,CO
DSL,CO
DSL,MN
DSL,WA
DSL,MN
DSL,AZ
DSL,WA
DSL,CO
DSL,CO
DSL,OR
DSL,NM
DSL,OR
DSL,AZ
DSL,NM
DSL,MN
DSL,WA
DSL,AZ
DSL,AZ
DSL,CO
DSL,MN
DSL,IA
DSL,MN
DSL,NE
DSL,UT
DSL,AZ
DSL,IA
DSL,WA
DSL,CO
DSL,AZ
DSL,WA
DSL,AL
DSL,WA
DSL,UNKNOWN
DSL,NM
DSL,ID
DSL,NM
DSL,AZ
DSL,IA
DSL,CO
DSL,UT
DSL,CO
DSL,AZ
DSL,NM
DSL,MN
DSL,NM
DSL,ID
DSL,NM
DSL,CO
DSL,ID
DSL,AZ
DSL,NM
DSL,OR
DSL,CO
DSL,IA
REMOVE,MN
DSL,VA
DSL,KS
DSL,WA
DSL,OR
DSL,CO
DSL,MO
DSL,NM
DSL,NM
DSL,ID
DSL,OR
DSL,UT
DSL,CO
DSL,CO
DSL,CO
DSL,AZ
DSL,MN
DSL,OR
DSL,NM
DSL,UT
DSL,CO
DSL,WA
DSL,OR
MISC,MA
MISC,CA
MISC,NY
MISC,PA
MISC,NY
MISC,NY
MISC,MA
MISC,IL
MISC,IL
MISC,MA
MISC,MA
MISC,IL
REMOVE,UNKNOWN
CABLE,TX
CABLE,CA
CABLE,CA
CABLE,NC
CABLE,IL
CABLE,TX
CABLE,TX
CABLE,NY
CABLE,NY
CABLE,CA
CABLE,NY
CABLE,CA
CABLE,PA
CABLE,NY
CABLE,NY
CABLE,TX
CABLE,CA
CABLE,IA
CABLE,ME
CABLE,CA
CABLE,KY
CABLE,OH
REMOVE,CA
REMOVE,CA
CABLE,ID
CABLE,WI
CABLE,OH
CABLE,OH
CABLE,CA
CABLE,NC
CABLE,NY
CABLE,AZ
CABLE,AL
CABLE,OH
CABLE,NY
CABLE,UNKNOWN
CABLE,UNKNOWN
REMOVE,NY
CABLE,OH
CABLE,NY
CABLE,NY
CABLE,OH
CABLE,WI
CABLE,VA
CABLE,TX
CABLE,CA
CABLE,NC
CABLE,ME
CABLE,WI
CABLE,OH
CABLE,TX
REMOVE,FL
CABLE,NY
REMOVE,UNKNOWN
CABLE,CA
REMOVE,NY
CABLE,IL
CABLE,FL
REMOVE,NY
CABLE,OH
CABLE,NC
CABLE,SC
CABLE,NY
CABLE,CA
CABLE,TX
CABLE,NC
REMOVE,NC
CABLE,OH
CABLE,NY
CABLE,SC
CABLE,OH
CABLE,TX
CABLE,SC
CABLE,SC
REMOVE,CA
CABLE,TX
CABLE,MA
CABLE,CA
REMOVE,FL
CABLE,NC
CABLE,TX
CABLE,CA
CABLE,NY
CABLE,NC
REMOVE,NY
CABLE,NH
CABLE,TX
CABLE,NY
CABLE,OH
CABLE,NY
CABLE,TX
CABLE,OH
CABLE,CA
CABLE,CA
CABLE,CA
CABLE,NY
CABLE,CA
CABLE,NY
CABLE,NC
CABLE,TX
CABLE,ME
CABLE,OH
CABLE,OH
CABLE,WI
CABLE,NY
CABLE,OR
CABLE,OH
CABLE,CA
CABLE,WI
CABLE,WI
CABLE,CA
CABLE,OH
CABLE,NY
CABLE,TX
CABLE,OH
CABLE,CA
CABLE,OH
CABLE,OH
CABLE,CA
CABLE,NC
CABLE,OH
REMOVE,CA
CABLE,NC
CABLE,NY
REMOVE,FL
CABLE,TX
CABLE,CA
CABLE,SC
CABLE,SC
CABLE,NY
CABLE,OH
REMOVE,TX
CABLE,TX
CABLE,HI
CABLE,TX
CABLE,NC
REMOVE,KY
CABLE,CA
CABLE,IN
CABLE,NY
CABLE,WI
CABLE,SC
CABLE,NY
CABLE,NC
CABLE,HI
CABLE,CA
CABLE,UNKNOWN
CABLE,NY
CABLE,TX
CABLE,FL
CABLE,SC
CABLE,CA
CABLE,OH
CABLE,NC
CABLE,NY
CABLE,AZ
CABLE,OH
CABLE,TX
REMOVE,HI
CABLE,WI
REMOVE,SC
CABLE,WI
CABLE,IA
CABLE,CA
CABLE,CA
CABLE,HI
CABLE,FL
REMOVE,HI
CABLE,NC
CABLE,HI
CABLE,TX
CABLE,ME
CABLE,NC
CABLE,CA
CABLE,NC
CABLE,NY
CABLE,CA
CABLE,NC
CABLE,IN
CABLE,HI
CABLE,NY
CABLE,WI
CABLE,NC
CABLE,HI
CABLE,CA
CABLE,FL
CABLE,NC
REMOVE,KS
CABLE,OH
CABLE,OH
CABLE,WI
CABLE,OH
CABLE,SC
CABLE,CA
CABLE,NY
CABLE,OH
REMOVE,PA
CABLE,CA
REMOVE,CA
REMOVE,TX
CABLE,CA
CABLE,OH
CABLE,TX
CABLE,WI
CABLE,NC
CABLE,CA
CABLE,OH
CABLE,NE
REMOVE,NC
CABLE,NC
REMOVE,CA
CABLE,WI
CABLE,OH
CABLE,OH
CABLE,NC
CABLE,ME
CABLE,CA
REMOVE,OH
CABLE,CA
REMOVE,UNKNOWN
CABLE,UNKNOWN
CABLE,NY
CABLE,SC
CABLE,TX
CABLE,HI
REMOVE,FL
CABLE,NC
CABLE,NY
REMOVE,CA
CABLE,IA
REMOVE,CA
CABLE,NC
CABLE,HI
REMOVE,NY
CABLE,OH
REMOVE,TX
CABLE,NC
REMOVE,NC
CABLE,NY
CABLE,CA
CABLE,CA
CABLE,CA
CABLE,NY
CABLE,OH
REMOVE,CA
CABLE,CA
CABLE,TX
CABLE,WI
CABLE,CA
CABLE,FL
CABLE,NY
CABLE,MO
REMOVE,NY
CABLE,CA
CABLE,CA
CABLE,NY
CABLE,NC
CABLE,OH
CABLE,TX
CABLE,NY
REMOVE,MI
CABLE,CA
CABLE,NC
CABLE,NY
CABLE,NY
CABLE,NY
CABLE,CA
CABLE,CA
CABLE,CA
CABLE,TX
CABLE,NE
CABLE,CA
CABLE,KY
CABLE,NC
REMOVE,KY
CABLE,TX
CABLE,NY
REMOVE,SC
REMOVE,NY
REMOVE,NY
CABLE,NY
CABLE,CA
CABLE,OH
CABLE,ME
CABLE,OH
CABLE,CA
REMOVE,CA
REMOVE,SC
REMOVE,IN
REMOVE,NC
REMOVE,NE
REMOVE,KY
CABLE,NE
CABLE,SC
CABLE,OH
REMOVE,NY
REMOVE,OH
CABLE,OH
CABLE,WY
CABLE,WI
CABLE,NY
CABLE,NY
CABLE,NY
REMOVE,CA
CABLE,CA
CABLE,NC
CABLE,NC
CABLE,CA
CABLE,OH
CABLE,OH
CABLE,OH
REMOVE,OH
CABLE,NY
CABLE,CA
CABLE,NY
CABLE,TX
CABLE,NY
CABLE,WI
CABLE,OH
CABLE,OH
CABLE,OH
CABLE,CA
CABLE,OH
REMOVE,ME
CABLE,KY
CABLE,MN
CABLE,NY
CABLE,NY
CABLE,TX
CABLE,NC
CABLE,IN
CABLE,OH
CABLE,OH
CABLE,NY
CABLE,OH
CABLE,NY
REMOVE,CA
CABLE,IN
REMOVE,CA
CABLE,TX
REMOVE,CA
REMOVE,CA
CABLE,WI
REMOVE,NY
CABLE,CA
CABLE,NC
CABLE,HI
CABLE,TX
CABLE,CA
CABLE,NC
CABLE,KY
REMOVE,CA
CABLE,UNKNOWN
CABLE,MO
CABLE,HI
CABLE,WI
CABLE,CA
CABLE,OH
CABLE,NE
CABLE,NY
CABLE,OH
CABLE,VA
CABLE,GA
CABLE,OH
CABLE,TX
CABLE,NY
CABLE,NY
CABLE,TX
CABLE,NY
CABLE,NY
REMOVE,OH
CABLE,HI
CABLE,NY
CABLE,TX
REMOVE,TX
CABLE,NC
CABLE,MN
CABLE,NH
CABLE,WI
CABLE,CA
CABLE,OH
REMOVE,NE
CABLE,KY
CABLE,WI
CABLE,WI
REMOVE,KY
CABLE,NY
CABLE,NY
CABLE,NY
CABLE,CA
CABLE,NY
CABLE,CA
CABLE,NC
CABLE,OH
CABLE,CA
CABLE,NC
CABLE,NY
CABLE,MA
CABLE,OH
CABLE,OH
REMOVE,NC
CABLE,OH
CABLE,NC
CABLE,WI
REMOVE,CA
CABLE,NY
REMOVE,NY
CABLE,CA
CABLE,OH
CABLE,NY
CABLE,PA
CABLE,CA
CABLE,OH
CABLE,FL
CABLE,OH
CABLE,CA
REMOVE,CA
CABLE,WI
CABLE,CA
CABLE,OH
CABLE,CA
CABLE,OH
CABLE,OH
CABLE,OH
CABLE,PA
CABLE,OH
CABLE,NY
CABLE,TX
REMOVE,TX
CABLE,NC
CABLE,CA
CABLE,NY
CABLE,NC
CABLE,TX
CABLE,CA
CABLE,NY
CABLE,NC
CABLE,CA
REMOVE,NY
CABLE,NC
CABLE,OH
CABLE,OH
REMOVE,OH
REMOVE,SC
CABLE,CA
CABLE,NC
CABLE,CA
CABLE,CA
CABLE,NC
CABLE,OH
CABLE,CA
CABLE,CA
CABLE,CA
CABLE,CA
CABLE,OH
REMOVE,CA
CABLE,OH
CABLE,OH
REMOVE,CT
CABLE,TX
CABLE,OH
CABLE,OH
CABLE,SC
CABLE,OH
CABLE,NC
CABLE,AZ
REMOVE,CA
CABLE,PA
CABLE,WI
CABLE,OH
CABLE,IN
CABLE,IN
CABLE,UNKNOWN
REMOVE,HI
CABLE,CA
CABLE,NC
CABLE,NY
CABLE,WI
REMOVE,OH
CABLE,TX
CABLE,MA
REMOVE,NY
CABLE,HI
CABLE,NJ
CABLE,NY
CABLE,NC
CABLE,WI
CABLE,NC
CABLE,MD
CABLE,NY
CABLE,NY
CABLE,NC
CABLE,NY
CABLE,NY
REMOVE,NC
CABLE,CA
CABLE,CA
CABLE,KY
CABLE,KY
CABLE,OH
CABLE,OH
CABLE,TX
CABLE,KY
REMOVE,OH
CABLE,OH
CABLE,OH
REMOVE,TX
CABLE,NY
CABLE,OH
CABLE,IN
CABLE,WI
REMOVE,CA
CABLE,HI
CABLE,KY
CABLE,VA
REMOVE,NC
CABLE,NC
REMOVE,CA
CABLE,NC
CABLE,NC
CABLE,OH
CABLE,CA
CABLE,ME
CABLE,KY
CABLE,NC
CABLE,CA
REMOVE,NC
CABLE,WI
CABLE,NH
CABLE,NY
CABLE,OH
CABLE,NC
REMOVE,NC
REMOVE,TX
CABLE,NY
CABLE,NY
CABLE,WI
CABLE,WI
CABLE,TX
REMOVE,TX
CABLE,TX
CABLE,CA
CABLE,NY
CABLE,NC
CABLE,NC
CABLE,NC
CABLE,NC
CABLE,SC
CABLE,NY
CABLE,CA
CABLE,CA
CABLE,CA
CABLE,NY
CABLE,NY
CABLE,NY
CABLE,OH
CABLE,NE
CABLE,NY
CABLE,NC
CABLE,OR
CABLE,CA
CABLE,CA
CABLE,UNKNOWN
CABLE,NY
CABLE,CA
REMOVE,CA
REMOVE,FL
CABLE,SC
CABLE,NY
CABLE,TX
REMOVE,NC
CABLE,NH
REMOVE,CA
CABLE,WI
CABLE,OH
REMOVE,NC
CABLE,OH
CABLE,WI
CABLE,NC
CABLE,NY
CABLE,CA
REMOVE,CA
REMOVE,CA
CABLE,TX
CABLE,NY
CABLE,NC
CABLE,TX
CABLE,IN
CABLE,NY
CABLE,CA
CABLE,VA
CABLE,NC
CABLE,HI
CABLE,HI
CABLE,NY
CABLE,OH
CABLE,UNKNOWN
CABLE,NY
CABLE,NY
CABLE,NY
CABLE,SC
CABLE,OH
CABLE,TX
CABLE,UNKNOWN
CABLE,TX
CABLE,FL
CABLE,CA
CABLE,NY
REMOVE,NY
CABLE,NC
CABLE,NC
CABLE,FL
REMOVE,FL
CABLE,OH
CABLE,TX
CABLE,CA
CABLE,CA
CABLE,CA
CABLE,CA
CABLE,GA
CABLE,NE
REMOVE,IA
REMOVE,KY
CABLE,TX
REMOVE,NY
CABLE,TX
CABLE,NY
CABLE,OH
CABLE,TX
CABLE,NY
CABLE,UNKNOWN
REMOVE,NC
CABLE,CA
REMOVE,KY
CABLE,NY
CABLE,KY
CABLE,AR
CABLE,TX
CABLE,IN
REMOVE,TX
CABLE,UNKNOWN
CABLE,CA
CABLE,NY
CABLE,FL
CABLE,SC
CABLE,NY
CABLE,CA
CABLE,TX
CABLE,CA
REMOVE,NC
CABLE,CA
CABLE,NY
REMOVE,UNKNOWN
REMOVE,UNKNOWN
CABLE,TX
CABLE,OH
CABLE,NC
CABLE,MO
CABLE,FL
CABLE,UNKNOWN
CABLE,CA
REMOVE,GA
CABLE,CA
CABLE,NY
CABLE,CA
CABLE,NC
CABLE,KY
CABLE,HI
REMOVE,ME
CABLE,NY
CABLE,NY
REMOVE,NY
CABLE,NY
CABLE,NC
CABLE,NC
CABLE,NC
CABLE,NC
CABLE,NC
CABLE,FL
CABLE,AL
CABLE,TX
CABLE,ME
CABLE,NY
CABLE,NY
REMOVE,NC
REMOVE,UNKNOWN
CABLE,NC
CABLE,NC
CABLE,OH
CABLE,TX
CABLE,TX
CABLE,TX
CABLE,TX
CABLE,TX
CABLE,TX
CABLE,CA
CABLE,CA
CABLE,CA
CABLE,CA
CABLE,CA
CABLE,UNKNOWN
CABLE,CA
CABLE,UNKNOWN
CABLE,TX
CABLE,CA
REMOVE,CA
CABLE,IL
CABLE,CA
CABLE,UNKNOWN
CABLE,CA
CABLE,CA
CABLE,NC
CABLE,NY
REMOVE,NY
CABLE,OH
CABLE,TX
CABLE,TX
CABLE,TX
CABLE,UT
CABLE,CA
CABLE,CA
CABLE,UNKNOWN
CABLE,NY
CABLE,TX
REMOVE,NC
CABLE,FL
CABLE,NY
CABLE,NY
CABLE,CA
CABLE,NY
CABLE,NC
CABLE,CA
CABLE,NY
CABLE,NC
CABLE,CA
CABLE,NY
CABLE,CA
CABLE,NC
CABLE,KS
CABLE,CA
CABLE,NC
CABLE,TX
REMOVE,CA
REMOVE,FL
REMOVE,NY
REMOVE,TX
CABLE,NE
CABLE,UNKNOWN
CABLE,NY
CABLE,CA
REMOVE,MA
FIBER,KY
FIBER,CA
FIBER,CA
FIBER,MD
FIBER,PA
FIBER,NJ
FIBER,VA
FIBER,NY
FIBER,PA
FIBER,CA
FIBER,VA
FIBER,TX
FIBER,VA
FIBER,PA
FIBER,NY
FIBER,NY
FIBER,MD
FIBER,CA
FIBER,NY
FIBER,MD
FIBER,CA
FIBER,VA
FIBER,NY
FIBER,VA
FIBER,NJ
FIBER,CA
FIBER,CA
FIBER,NY
FIBER,VA
FIBER,NJ
FIBER,CA
FIBER,VA
FIBER,VA
FIBER,CA
FIBER,MD
FIBER,UNKNOWN
FIBER,VA
FIBER,PA
FIBER,TX
FIBER,PA
FIBER,UNKNOWN
FIBER,VA
FIBER,CA
FIBER,VA
FIBER,NJ
REMOVE,TX
FIBER,NJ
FIBER,MD
FIBER,TX
FIBER,VA
FIBER,VA
FIBER,VA
FIBER,NY
FIBER,VA
FIBER,NJ
FIBER,VA
FIBER,MA
FIBER,MD
FIBER,PA
FIBER,PA
FIBER,NJ
FIBER,TX
FIBER,PA
FIBER,NY
FIBER,MA
FIBER,MA
FIBER,NY
FIBER,MD
FIBER,NY
FIBER,VA
FIBER,MD
FIBER,PA
FIBER,MD
FIBER,MD
FIBER,CA
FIBER,VA
FIBER,VA
FIBER,NJ
FIBER,FL
FIBER,VA
FIBER,VA
FIBER,CA
FIBER,VA
FIBER,NY
FIBER,NY
FIBER,VA
FIBER,FL
FIBER,TX
FIBER,NJ
FIBER,VA
FIBER,TX
FIBER,MD
FIBER,MA
FIBER,NY
FIBER,VA
FIBER,MD
FIBER,NY
FIBER,TX
FIBER,MA
FIBER,NY
REMOVE,NY
FIBER,UNKNOWN
FIBER,VA
FIBER,TX
REMOVE,VA
FIBER,MD
FIBER,DE
FIBER,CA
FIBER,TX
FIBER,NY
FIBER,NJ
FIBER,NJ
FIBER,NY
FIBER,NY
FIBER,NY
FIBER,NY
FIBER,PA
FIBER,VA
REMOVE,NY
FIBER,MD
FIBER,RI
FIBER,MD
FIBER,PA
FIBER,CA
FIBER,CA
FIBER,PA
FIBER,CA
FIBER,MA
FIBER,VA
FIBER,VA
FIBER,MA
FIBER,NJ
FIBER,NJ
FIBER,MD
FIBER,VA
FIBER,VA
FIBER,PA
FIBER,CA
FIBER,VA
FIBER,PA
FIBER,CA
FIBER,MA
FIBER,MD
FIBER,CA
FIBER,TX
FIBER,VA
FIBER,NY
FIBER,VA
FIBER,VA
FIBER,CA
FIBER,VA
FIBER,MA
FIBER,MA
FIBER,VA
FIBER,CA
FIBER,CA
FIBER,NY
FIBER,CA
FIBER,MD
FIBER,VA
REMOVE,TX
FIBER,VA
FIBER,VA
FIBER,MD
FIBER,MD
FIBER,NY
FIBER,PA
FIBER,CA
FIBER,MA
FIBER,CA
FIBER,MD
FIBER,VA
FIBER,MD
FIBER,RI
FIBER,MD
FIBER,VA
FIBER,VA
FIBER,MA
FIBER,NY
FIBER,NY
FIBER,NY
FIBER,PA
FIBER,PA
FIBER,PA
FIBER,PA
FIBER,MD
FIBER,MD
FIBER,MD
FIBER,MD
FIBER,VA
FIBER,VA
FIBER,VA
FIBER,VA
FIBER,FL
FIBER,MA
FIBER,MA
REMOVE,MA
FIBER,MA
FIBER,MA
FIBER,CT
FIBER,NJ
FIBER,NJ
FIBER,NJ
FIBER,NJ
FIBER,NJ
FIBER,NY
FIBER,NY
FIBER,NY
FIBER,NY
FIBER,PA
FIBER,PA
FIBER,PA
FIBER,PA
REMOVE,PA
FIBER,PA
FIBER,PA
FIBER,PA
FIBER,MD
FIBER,MD
FIBER,MD
FIBER,MD
FIBER,MD
FIBER,MD
FIBER,MD
FIBER,MD
FIBER,MD
FIBER,VA
FIBER,VA
FIBER,VA
FIBER,VA
FIBER,VA
FIBER,VA
FIBER,FL
FIBER,FL
FIBER,FL
FIBER,MA
FIBER,MA
FIBER,MA
FIBER,RI
FIBER,NJ
FIBER,NJ
FIBER,NJ
FIBER,NJ
FIBER,VA
FIBER,NJ
FIBER,VA
FIBER,FL
FIBER,MA
FIBER,FL
FIBER,NY
REMOVE,NY
FIBER,MA
FIBER,MA
FIBER,NJ
FIBER,NJ
FIBER,NJ
FIBER,NY
FIBER,NY
FIBER,VA
FIBER,VA
FIBER,VA
FIBER,VA
FIBER,NY
FIBER,NY
FIBER,PA
FIBER,DE
FIBER,MD
FIBER,MD
FIBER,MD
FIBER,MD
FIBER,VA
FIBER,VA
FIBER,VA
FIBER,FL
FIBER,FL
FIBER,FL
FIBER,FL
FIBER,CA
FIBER,CA
FIBER,CA
FIBER,CA
FIBER,CA
FIBER,CA
FIBER,CA
FIBER,CA
FIBER,CA
FIBER,CA
FIBER,TX
FIBER,TX
FIBER,TX
FIBER,TX
FIBER,TX
FIBER,VA
FIBER,TX
FIBER,TX
FIBER,DC
FIBER,PA
FIBER,MA
FIBER,NY
FIBER,VA
FIBER,CA
FIBER,TX
FIBER,NJ
FIBER,PA
FIBER,CA
FIBER,VA
FIBER,MD
FIBER,NY
FIBER,VA
FIBER,CA
FIBER,CA
FIBER,VA
FIBER,MD
FIBER,MD
FIBER,VA
FIBER,NJ
FIBER,NY
FIBER,PA
FIBER,NY
FIBER,TX
FIBER,NY
FIBER,CA
FIBER,TX
FIBER,NJ
FIBER,PA
FIBER,NY
FIBER,NJ
FIBER,VA
FIBER,NJ
FIBER,NJ
FIBER,NJ
FIBER,CA
FIBER,NY
FIBER,MA
FIBER,VA
FIBER,MA
FIBER,NY
FIBER,VA
FIBER,MD
FIBER,NJ
FIBER,VA
FIBER,PA
FIBER,PA
FIBER,VA
FIBER,VA
FIBER,NJ
FIBER,VA
FIBER,CO
FIBER,FL
FIBER,MD
FIBER,NY
FIBER,VA
REMOVE,PA
FIBER,FL
FIBER,NY
FIBER,MD
FIBER,VA
FIBER,TX
FIBER,NJ
FIBER,MA
REMOVE,NY
FIBER,NJ
FIBER,NJ
FIBER,NY
FIBER,NY
FIBER,NY
FIBER,NY
FIBER,NY
FIBER,PA
FIBER,PA
REMOVE,DE
FIBER,VA
FIBER,VA
FIBER,FL
FIBER,TX
FIBER,NJ
FIBER,NJ
FIBER,MA
REMOVE,NY
FIBER,NJ
FIBER,NY
FIBER,DC
FIBER,MA
FIBER,MD
REMOVE,MD
REMOVE,NY
FIBER,NY
FIBER,VA
FIBER,NJ
FIBER,FL
FIBER,VA
FIBER,CA
FIBER,MA
FIBER,NJ
FIBER,NJ
FIBER,TX
FIBER,Ma
FIBER,VA
FIBER,MD
FIBER,CA
FIBER,NJ
FIBER,PA
FIBER,FL
FIBER,TX
FIBER,NJ
FIBER,NY
FIBER,CA
FIBER,VA
FIBER,VA
FIBER,TX
FIBER,NY
FIBER,NY
FIBER,NY
FIBER,PA
FIBER,VA
FIBER,VA
FIBER,FL
FIBER,MA
FIBER,NJ
FIBER,VA
FIBER,NY
FIBER,VA
FIBER,FL
FIBER,NY
FIBER,DE
FIBER,NJ
FIBER,NY
FIBER,PA
FIBER,PA
FIBER,MD
REMOVE,MA
FIBER,MA
REMOVE,CA
FIBER,PA
FIBER,CA
FIBER,NJ
FIBER,FL
FIBER,MD
DSL,MA
DSL,MA
DSL,UNKNOWN
DSL,CA
DSL,CA
DSL,VA
DSL,UNKNOWN
DSL,PA
DSL,CA
DSL,FL
DSL,NY
DSL,UNKNOWN
DSL,PA
DSL,VA
DSL,CA
DSL,CA
DSL,PA
DSL,MA
DSL,MA
DSL,PA
DSL,UNKNOWN
DSL,NY
DSL,MD
DSL,DC
DSL,CA
DSL,NY
DSL,PA
DSL,MA
DSL,VA
DSL,PA
DSL,PA
DSL,NY
DSL,MD
DSL,DE
DSL,NY
DSL,PA
DSL,CA
DSL,RI
DSL,NJ
DSL,PA
DSL,CA
DSL,CA
DSL,NY
DSL,PA
DSL,MA
DSL,VA
DSL,CA
DSL,CA
DSL,NY
DSL,FL
DSL,MD
DSL,VA
DSL,PA
DSL,VA
DSL,CA
DSL,VA
DSL,PA
DSL,PA
DSL,MA
DSL,NJ
DSL,PA
DSL,VA
DSL,DC
DSL,CA
DSL,UNKNOWN
DSL,VA
DSL,NJ
DSL,PA
DSL,PA
DSL,PA
DSL,VA
DSL,VA
DSL,VA
DSL,MA
DSL,PA
DSL,PA
DSL,VA
DSL,VA
DSL,CA
DSL,CA
DSL,NY
DSL,UNKNOWN
DSL,NY
DSL,PA
DSL,FL
DSL,PA
DSL,VA
DSL,PA
DSL,PA
DSL,PA
DSL,CA
DSL,NY
DSL,VA
DSL,PA
DSL,PA
DSL,NY
DSL,MA
DSL,MA
DSL,NY
DSL,VA
DSL,MA
DSL,PA
DSL,MD
DSL,VA
DSL,PA
DSL,NJ
DSL,NJ
DSL,PA
DSL,MA
DSL,NY
DSL,DE
DSL,PA
DSL,NY
MISC,TX
MISC,CO
REMOVE,UNKNOWN
REMOVE,OH
SATELLITE,WA
SATELLITE,CA
REMOVE,LA
REMOVE,MO
SATELLITE,UNKNOWN
SATELLITE,KY
REMOVE,TX
REMOVE,OK
REMOVE,UNKNOWN
REMOVE,UNKNOWN
REMOVE,AR
REMOVE,OH
SATELLITE,IL
SATELLITE,IN
REMOVE,UNKNOWN
REMOVE,UNKNOWN
SATELLITE,NC
SATELLITE,CO
SATELLITE,AL
SATELLITE,AL
SATELLITE,TX
SATELLITE,CA
SATELLITE,WA
SATELLITE,MI
SATELLITE,IN
SATELLITE,OK
SATELLITE,OH
SATELLITE,KS
SATELLITE,MO
SATELLITE,WA
SATELLITE,WV
SATELLITE,AL
SATELLITE,NY
SATELLITE,MI
SATELLITE,WI
SATELLITE,MS
SATELLITE,TN
SATELLITE,NH
SATELLITE,IN
SATELLITE,IL
SATELLITE,MI
SATELLITE,MS
SATELLITE,MO
SATELLITE,NY
SATELLITE,AR
SATELLITE,CA
SATELLITE,MO
SATELLITE,MI
SATELLITE,NY
SATELLITE,WV
SATELLITE,TX
SATELLITE,TX
SATELLITE,WI
SATELLITE,CA
SATELLITE,MS
SATELLITE,AL
SATELLITE,NC
SATELLITE,IL
SATELLITE,CA
REMOVE,UNKNOWN
REMOVE,UNKNOWN
REMOVE,MI
SATELLITE,AZ
SATELLITE,IN
REMOVE,NY
SATELLITE,LA
DSL,GA
DSL,PA
DSL,GA
DSL,NC
DSL,OH
DSL,NE
DSL,NM
DSL,NE
DSL,KY
DSL,PA
DSL,IA
DSL,OH
DSL,PA
DSL,NC
DSL,AR
DSL,GA
DSL,GA
DSL,KY
DSL,OK
DSL,OK
DSL,KY
DSL,KY
DSL,KY
DSL,NC
DSL,KY
DSL,GA
DSL,TX
DSL,TX
DSL,KY
DSL,FL
DSL,NC
DSL,KY
DSL,TX
DSL,GA
DSL,FL
DSL,NC
DSL,AL
DSL,PA
DSL,KY
DSL,NY
DSL,FL
DSL,KY
DSL,KY
DSL,GA
DSL,KY
DSL,GA
DSL,KY
DSL,FL
DSL,OH
DSL,OK
DSL,AL
DSL,GA
DSL,KY
DSL,AR
DSL,OK
DSL,GA
DSL,KY
DSL,FL
DSL,GA
DSL,SC
DSL,GA
DSL,GA
DSL,NC
DSL,FL
DSL,NC
DSL,TX
DSL,GA
DSL,NC
DSL,NC
DSL,FL
DSL,GA
DSL,NC
DSL,NC
DSL,PA
DSL,FL
DSL,NC
DSL,NM
DSL,NM
DSL,OH
DSL,TX
DSL,OH
DSL,IA
DSL,MN
DSL,MN
DSL,MO
DSL,NE
DSL,NE
DSL,OH
DSL,GA
DSL,GA
DSL,PA
DSL,PA
DSL,KY
DSL,AR
DSL,TX
DSL,TX
DSL,GA
DSL,OH
DSL,KY
DSL,KY
DSL,OH
DSL,OH
DSL,AR
DSL,GA
DSL,AL
DSL,GA
DSL,TX
DSL,NC
REMOVE,RI
DSL,GA
DSL,GA
REMOVE,GA
DSL,AR
DSL,GA
DSL,KY
DSL,IA
DSL,PA
DSL,OH
DSL,GA
DSL,SC
DSL,IA
DSL,GA
DSL,KY
DSL,IA
DSL,GA
DSL,PA
DSL,GA
DSL,MO
DSL,OH
DSL,OH
DSL,NC
DSL,OH
DSL,GA
DSL,OH
DSL,IA
DSL,GA
DSL,PA
DSL,KY
DSL,OH
DSL,PA
DSL,NC
DSL,PA
DSL,NC
DSL,KY
DSL,MO
DSL,OK
DSL,TX
DSL,TX
DSL,OK
DSL,OK
DSL,NE
DSL,NE
DSL,IA
DSL,MN
DSL,MN
DSL,PA
DSL,PA
DSL,NC
DSL,SC
DSL,GA
DSL,GA
DSL,FL
DSL,KY
DSL,KY
DSL,OH
DSL,OH
DSL,AR
DSL,AR
DSL,PA
DSL,NC
DSL,GA
DSL,GA
DSL,MS
DSL,KY
DSL,IA
DSL,IA
DSL,MO
DSL,NE
DSL,TX
DSL,OK
REMOVE,KY
DSL,UNKNOWN
DSL,OK
DSL,KY
DSL,UNKNOWN
REMOVE,TX
DSL,KY
DSL,IA
REMOVE,KY
DSL,GA
REMOVE,SC
DSL,NC
DSL,SC
DSL,GA
DSL,FL
DSL,AR
DSL,TX
DSL,NM
DSL,NE
DSL,KY
DSL,KY
DSL,KY
DSL,FL
